date,ticker,open,high,low,close,volume,returns
2025-02-19,AAPL,318.03,325.73,312.89,319.43,4198105,0.014526
2025-02-20,AAPL,330.42,332.19,326.25,330.68,40289854,0.03461
2025-02-21,AAPL,332.99,342.14,327.58,335.79,14438503,0.015321
2025-02-22,AAPL,335.95,342.42,332.48,332.82,19931437,-0.008856
2025-02-23,AAPL,333.83,337.84,325.88,334.76,17963957,0.005812
2025-02-24,AAPL,337.7,341.24,335.9,339.5,29737918,0.014034
2025-02-25,AAPL,334.98,343.54,330.36,334.15,44681510,-0.015877
2025-02-26,AAPL,338.53,343.18,327.71,336.05,38113808,0.005684
2025-02-27,AAPL,347.1,351.1,336.33,344.07,9025963,0.023577
2025-02-28,AAPL,345.17,348.4,339.33,345.46,12110890,0.004025
2025-03-01,AAPL,346.62,354.53,340.68,349.47,30149536,0.011543
2025-03-02,AAPL,345.87,355.44,341.23,349.07,49782966,-0.00115
2025-03-03,AAPL,351.69,358.68,341.93,351.23,31512741,0.006184
2025-03-04,AAPL,346.35,354.41,346.51,349.84,49197311,-0.003971
2025-03-05,AAPL,351.14,357.43,342.07,351.12,10124675,0.00365
2025-03-06,AAPL,350.87,355.25,347.37,350.42,14739155,-0.002005
2025-03-07,AAPL,358.31,357.21,346.55,355.53,35388439,0.014483
2025-03-08,AAPL,355.99,364.5,358.41,359.3,3944507,0.010541
2025-03-09,AAPL,349.98,357.04,347.52,351.16,10300427,-0.022909
2025-03-10,AAPL,362.13,369.01,350.19,358.85,49648230,0.021679
2025-03-11,AAPL,365.31,367.89,366.98,367.0,13474088,0.022456
2025-03-12,AAPL,376.55,379.02,373.51,374.73,10632818,0.020847
2025-03-13,AAPL,376.87,385.88,373.61,377.83,3223597,0.008238
2025-03-14,AAPL,371.25,381.02,364.97,373.99,26119558,-0.010218
2025-03-15,AAPL,378.34,389.22,372.58,380.33,33223692,0.016791
2025-03-16,AAPL,385.48,396.83,385.14,388.66,47809796,0.021685
2025-03-17,AAPL,384.91,390.03,384.17,386.75,8718312,-0.004938
2025-03-18,AAPL,398.3,398.84,391.98,397.82,49526446,0.028222
2025-03-19,AAPL,398.23,404.93,390.38,397.67,43816604,-0.000376
2025-03-20,AAPL,385.64,397.07,376.78,386.6,16061922,-0.028238
2025-03-21,AAPL,387.85,396.16,381.42,389.82,27247160,0.008307
2025-03-22,AAPL,398.76,397.49,388.49,395.18,18640676,0.013657
2025-03-23,AAPL,393.07,396.23,382.61,390.87,40928483,-0.010977
2025-03-24,AAPL,376.52,381.71,374.23,375.24,12512893,-0.040808
2025-03-25,AAPL,390.32,387.28,377.06,387.04,27239620,0.030969
2025-03-26,AAPL,386.86,390.91,378.03,383.87,5206858,-0.008233
2025-03-27,AAPL,380.83,381.56,374.18,378.01,41462631,-0.015381
2025-03-28,AAPL,376.61,379.03,369.28,377.59,9226975,-0.001105
2025-03-29,AAPL,366.02,372.74,358.69,367.73,40862378,-0.026469
2025-03-30,AAPL,362.41,365.87,359.02,364.04,36162828,-0.010072
2025-03-31,AAPL,359.18,359.81,355.75,356.09,12943050,-0.022094
2025-04-01,AAPL,364.34,367.46,353.76,362.26,42468955,0.017173
2025-04-02,AAPL,371.14,375.87,366.66,368.16,39300955,0.016181
2025-04-03,AAPL,374.7,379.18,368.49,371.09,10616215,0.0079
2025-04-04,AAPL,367.07,369.99,361.26,368.52,32587819,-0.006924
2025-04-05,AAPL,356.76,363.57,354.75,358.95,34723167,-0.026327
2025-04-06,AAPL,365.12,368.38,354.49,362.21,12933754,0.009041
2025-04-07,AAPL,368.63,370.94,358.04,365.22,25454863,0.00827
2025-04-08,AAPL,348.86,354.7,349.97,352.31,17734769,-0.035967
2025-04-09,AAPL,365.71,366.03,355.31,364.89,11512306,0.035079
2025-04-10,AAPL,370.76,372.47,365.94,368.55,35906271,0.00997
2025-04-11,AAPL,376.34,386.35,364.99,375.42,40839802,0.018478
2025-04-12,AAPL,388.62,394.95,378.05,386.59,24134120,0.029322
2025-04-13,AAPL,385.19,387.3,375.38,386.24,27637017,-0.000917
2025-04-14,AAPL,387.72,395.02,378.61,385.08,45153987,-0.002993
2025-04-15,AAPL,396.92,396.05,385.76,394.71,28660248,0.024679
2025-04-16,AAPL,391.87,393.9,388.7,393.12,26963992,-0.004033
2025-04-17,AAPL,395.25,396.03,388.32,391.53,41432353,-0.004044
2025-04-18,AAPL,382.43,394.55,374.08,384.72,3422828,-0.01754
2025-04-19,AAPL,382.56,389.93,374.43,384.84,26449189,0.000292
2025-04-20,AAPL,396.34,407.87,395.05,399.96,48966083,0.038552
2025-04-21,AAPL,408.16,415.42,402.93,409.35,10140440,0.023214
2025-04-22,AAPL,406.98,409.93,396.9,405.71,25790028,-0.008954
2025-04-23,AAPL,424.39,423.88,409.7,421.23,38288695,0.037539
2025-04-24,AAPL,422.91,433.71,422.51,423.31,20286652,0.004936
2025-04-25,AAPL,426.87,432.06,417.04,423.06,31096148,-0.000588
2025-04-26,AAPL,432.93,439.22,431.36,435.42,2371506,0.0288
2025-04-27,AAPL,427.24,436.37,426.67,431.55,21371221,-0.008942
2025-04-28,AAPL,428.11,432.97,429.62,431.23,49282075,-0.000727
2025-04-29,AAPL,432.12,435.41,427.42,434.45,31069359,0.007423
2025-04-30,AAPL,444.04,445.64,432.27,440.86,47869891,0.014665
2025-05-01,AAPL,447.6,451.86,439.72,446.53,32264497,0.012762
2025-05-02,AAPL,466.29,477.47,453.96,467.25,1204050,0.045375
2025-05-03,AAPL,457.79,465.09,459.34,459.7,11733298,-0.016298
2025-05-04,AAPL,444.82,458.89,436.53,448.36,4712797,-0.024977
2025-05-05,AAPL,432.74,446.75,436.45,436.85,38617623,-0.026012
2025-05-06,AAPL,440.45,441.19,428.8,440.57,24773128,0.008484
2025-05-07,AAPL,425.52,438.47,417.01,425.84,39801715,-0.034008
2025-05-08,AAPL,426.78,440.12,430.26,431.02,3832412,0.012104
2025-05-09,AAPL,429.43,439.6,427.65,430.91,15402400,-0.000258
2025-05-10,AAPL,443.55,449.7,431.38,440.87,20397189,0.022843
2025-05-11,AAPL,449.47,451.83,448.68,451.39,19445301,0.023574
2025-05-12,AAPL,445.04,449.45,437.88,443.96,13251656,-0.016594
2025-05-13,AAPL,447.98,454.08,444.66,452.31,43371427,0.018638
2025-05-14,AAPL,462.6,476.28,463.3,464.04,41810572,0.025591
2025-05-15,AAPL,469.3,480.42,461.53,467.35,45325400,0.007119
2025-05-16,AAPL,471.13,473.21,459.9,472.1,21516950,0.010112
2025-05-17,AAPL,484.43,481.94,471.51,480.23,5299698,0.017065
2025-05-18,AAPL,455.26,462.5,457.34,458.68,31836424,-0.045906
2025-05-19,AAPL,464.54,468.35,456.15,462.81,40960026,0.00897
2025-05-20,AAPL,476.41,476.96,467.95,472.84,24131755,0.021427
2025-05-21,AAPL,476.84,477.43,472.86,474.2,19365795,0.002884
2025-05-22,AAPL,447.81,450.45,439.36,445.95,2343693,-0.061417
2025-05-23,AAPL,437.34,449.39,432.37,437.54,22497865,-0.019041
2025-05-24,AAPL,436.17,439.0,429.68,436.32,25496260,-0.002796
2025-05-25,AAPL,434.35,446.37,428.77,433.56,26277929,-0.006348
2025-05-26,AAPL,448.2,449.2,440.58,447.02,38044739,0.030576
2025-05-27,AAPL,447.01,448.97,444.33,444.43,22197898,-0.005812
2025-05-28,AAPL,438.42,449.31,437.09,439.6,8462442,-0.010932
2025-05-29,AAPL,456.93,462.25,447.35,452.52,48367398,0.028964
2025-05-30,AAPL,462.98,472.23,450.92,463.25,42387285,0.023447
2025-05-31,AAPL,474.48,474.26,467.59,473.27,23694069,0.021386
2025-06-01,AAPL,480.42,487.61,464.97,479.26,16522158,0.012575
2025-06-02,AAPL,476.88,475.29,474.18,474.32,23332754,-0.010361
2025-06-03,AAPL,479.07,487.98,473.84,476.94,14040903,0.005517
2025-06-04,AAPL,459.58,462.51,447.51,457.35,16020521,-0.041931
2025-06-05,AAPL,454.61,466.77,451.15,458.55,3184344,0.002604
2025-06-06,AAPL,456.38,470.23,445.5,458.25,1182017,-0.000645
2025-06-07,AAPL,471.19,469.16,459.74,468.99,15864185,0.02317
2025-06-08,AAPL,468.03,480.93,461.06,470.22,25905186,0.00261
2025-06-09,AAPL,449.77,458.61,442.85,453.85,9201893,-0.035429
2025-06-10,AAPL,455.83,466.71,447.49,455.08,43454777,0.002698
2025-06-11,AAPL,465.22,473.3,457.08,461.84,9344078,0.014757
2025-06-12,AAPL,454.48,466.89,442.02,455.16,11168951,-0.014568
2025-06-13,AAPL,465.52,479.12,460.46,465.53,26469572,0.022516
2025-06-14,AAPL,487.22,493.4,476.36,483.35,38865679,0.037569
2025-06-15,AAPL,509.69,508.42,501.19,507.19,32788902,0.048139
2025-06-16,AAPL,504.9,509.29,495.18,503.69,48627742,-0.006927
2025-06-17,AAPL,502.2,505.06,491.54,500.45,40659565,-0.006449
2025-06-18,AAPL,493.95,493.19,489.66,491.25,8568295,-0.018554
2025-06-19,AAPL,476.98,482.53,476.33,481.06,44776495,-0.02096
2025-06-20,AAPL,481.37,487.53,478.95,483.31,18828665,0.00467
2025-06-21,AAPL,495.43,500.52,490.07,491.82,31245638,0.017448
2025-06-22,AAPL,485.82,499.28,480.3,487.63,22552462,-0.008547
2025-06-23,AAPL,493.18,499.26,495.41,497.91,29739048,0.020865
2025-06-24,AAPL,491.41,495.51,485.44,487.92,34385244,-0.020271
2025-06-25,AAPL,511.76,510.24,505.57,507.52,24185646,0.039373
2025-06-26,AAPL,502.57,511.93,488.61,499.64,22062879,-0.015649
2025-06-27,AAPL,508.01,512.92,495.33,504.15,35607711,0.008993
2025-06-28,AAPL,494.02,511.65,485.43,497.73,8205799,-0.012815
2025-06-29,AAPL,494.85,501.32,483.95,498.89,35968304,0.002322
2025-06-30,AAPL,501.37,506.56,503.41,504.96,12596580,0.012109
2025-07-01,AAPL,499.59,504.39,497.84,502.32,1809690,-0.005254
2025-07-02,AAPL,495.84,496.69,488.75,492.17,41894513,-0.02041
2025-07-03,AAPL,492.99,497.26,481.74,488.51,43043165,-0.007455
2025-07-04,AAPL,483.94,487.82,470.92,481.94,24774351,-0.013539
2025-07-05,AAPL,484.44,492.27,475.46,486.16,42830685,0.008708
2025-07-06,AAPL,480.9,498.12,482.21,484.14,5888740,-0.004155
2025-07-07,AAPL,488.95,494.97,477.54,489.28,18476972,0.01055
2025-07-08,AAPL,506.14,510.05,497.14,505.42,21514393,0.032466
2025-07-09,AAPL,514.19,517.21,499.53,512.72,35291304,0.01433
2025-07-10,AAPL,490.89,493.25,477.33,488.51,11722987,-0.048373
2025-07-11,AAPL,479.25,489.44,478.92,482.16,31823393,-0.013079
2025-07-12,AAPL,470.96,472.64,471.12,472.6,24000838,-0.020038
2025-07-13,AAPL,468.72,479.08,455.23,465.91,13883843,-0.014238
2025-07-14,AAPL,452.94,456.77,448.58,451.84,33239219,-0.03067
2025-07-15,AAPL,445.84,446.0,440.58,445.16,34544785,-0.014903
2025-07-16,AAPL,454.03,468.17,454.34,455.44,7208483,0.022846
2025-07-17,AAPL,453.16,460.68,443.97,457.6,34035391,0.004729
2025-07-18,AAPL,464.47,472.51,454.21,462.63,1600915,0.010926
2025-07-19,AAPL,469.55,484.02,461.25,471.35,14765182,0.018663
2025-07-20,AAPL,465.93,477.85,463.68,467.33,43609928,-0.008563
2025-07-21,AAPL,464.4,470.3,460.63,465.95,38204458,-0.00296
2025-07-22,AAPL,444.4,452.33,434.89,443.33,42314875,-0.049743
2025-07-23,AAPL,444.44,460.09,446.86,447.36,14764557,0.009038
2025-07-24,AAPL,446.14,457.41,446.28,450.32,34343460,0.006593
2025-07-25,AAPL,466.77,476.72,453.71,465.91,29299524,0.03404
2025-07-26,AAPL,451.49,464.86,454.32,455.88,19891057,-0.021764
2025-07-27,AAPL,452.96,457.41,443.53,455.99,4774164,0.000245
2025-07-28,AAPL,433.36,439.4,434.25,437.59,49294703,-0.041188
2025-07-29,AAPL,440.63,443.83,428.53,439.76,14285710,0.004934
2025-07-30,AAPL,447.0,461.02,439.0,449.24,32021560,0.021331
2025-07-31,AAPL,457.18,464.5,446.65,455.1,8400809,0.012962
2025-08-01,AAPL,452.27,456.54,446.86,452.07,46331855,-0.006668
2025-08-02,AAPL,450.17,458.06,447.34,453.76,18449567,0.003725
2025-08-03,AAPL,443.31,450.69,443.21,445.32,18230882,-0.018772
2025-08-04,AAPL,444.77,450.92,445.95,446.99,43848990,0.00374
2025-08-05,AAPL,447.24,454.1,436.56,443.7,18311513,-0.007392
2025-08-06,AAPL,452.74,456.93,441.93,450.17,6620112,0.014481
2025-08-07,AAPL,465.19,470.36,461.34,467.96,41875634,0.038743
2025-08-08,AAPL,464.69,472.56,464.69,467.67,13512336,-0.00062
2025-08-09,AAPL,451.63,466.53,445.73,453.45,11620788,-0.030866
2025-08-10,AAPL,445.1,450.05,437.45,448.16,45074831,-0.011737
2025-08-11,AAPL,439.77,443.19,432.65,442.04,13544292,-0.013743
2025-08-12,AAPL,436.24,436.2,433.74,435.38,1031562,-0.015197
2025-08-13,AAPL,433.79,437.25,424.97,430.71,38416431,-0.01077
2025-08-14,AAPL,434.92,444.66,436.99,438.45,47656119,0.017804
2025-08-15,AAPL,413.82,413.03,399.85,412.08,21894260,-0.062019
2025-08-16,AAPL,409.85,422.6,406.88,413.64,7041498,0.003774
2025-08-17,AAPL,409.88,415.27,403.3,409.77,11052962,-0.00941
2025-08-18,AAPL,400.09,407.69,396.94,397.78,38096677,-0.029678
2025-08-19,AAPL,402.84,405.87,389.86,401.41,32912742,0.009062
2025-08-20,AAPL,396.07,403.93,390.19,395.74,20332787,-0.014216
2025-08-21,AAPL,399.35,403.97,386.31,397.99,38463289,0.005672
2025-08-22,AAPL,407.53,421.53,403.47,409.35,41007209,0.028141
2025-08-23,AAPL,411.26,418.55,407.99,409.72,22364849,0.000902
2025-08-24,AAPL,400.16,402.94,387.76,397.74,31646868,-0.029681
2025-08-25,AAPL,398.41,409.63,392.93,398.1,2140254,0.000904
2025-08-26,AAPL,400.72,408.18,392.7,404.65,17042791,0.016325
2025-08-27,AAPL,395.95,403.24,395.14,397.74,46110351,-0.017213
2025-08-28,AAPL,400.76,411.11,393.81,401.42,40775587,0.009196
2025-08-29,AAPL,396.76,406.56,390.8,398.13,12633280,-0.008215
2025-08-30,AAPL,389.19,386.95,382.35,386.66,25135347,-0.02924
2025-08-31,AAPL,385.48,386.1,372.2,383.46,43019958,-0.008326
2025-09-01,AAPL,394.9,399.54,390.12,392.08,7795582,0.022253
2025-09-02,AAPL,397.66,398.09,389.47,397.63,36719389,0.014053
2025-09-03,AAPL,415.63,418.45,406.12,411.99,15977405,0.035459
2025-09-04,AAPL,408.02,419.61,400.23,409.44,37804637,-0.006196
2025-09-05,AAPL,425.36,424.12,413.98,423.87,20077479,0.03464
2025-09-06,AAPL,431.66,438.44,426.9,432.8,4973603,0.020843
2025-09-07,AAPL,431.54,436.97,422.73,428.22,22360100,-0.010639
2025-09-08,AAPL,415.43,416.51,408.14,412.83,4009437,-0.036601
2025-09-09,AAPL,404.99,413.29,402.81,405.45,45233290,-0.018026
2025-09-10,AAPL,400.5,404.5,400.48,401.69,1459243,-0.009331
2025-09-11,AAPL,406.93,416.11,398.3,404.13,6942924,0.006063
2025-09-12,AAPL,401.94,413.61,399.51,402.27,32173381,-0.004614
2025-09-13,AAPL,408.43,412.87,401.16,411.96,38874185,0.023804
2025-09-14,AAPL,423.05,424.68,409.98,420.65,30133729,0.020865
2025-09-15,AAPL,436.2,439.54,429.35,434.07,44745905,0.031418
2025-09-16,AAPL,432.29,445.76,426.69,435.51,47821202,0.003309
2025-09-17,AAPL,449.49,450.93,440.08,448.84,13901130,0.030144
2025-09-18,AAPL,463.85,467.38,458.95,463.74,49204477,0.032656
2025-09-19,AAPL,450.96,452.52,443.73,451.95,18828784,-0.025761
2025-09-20,AAPL,443.19,447.36,437.02,441.68,36307127,-0.022972
2025-09-21,AAPL,463.27,469.07,453.22,462.27,42380779,0.045561
2025-09-22,AAPL,450.33,454.73,443.17,452.95,18501225,-0.020379
2025-09-23,AAPL,453.32,451.89,436.23,449.2,39496154,-0.008314
2025-09-24,AAPL,445.13,447.98,436.77,443.35,6171423,-0.013089
2025-09-25,AAPL,441.7,452.94,440.27,442.39,13957514,-0.002168
2025-09-26,AAPL,437.43,441.0,433.99,440.02,16675729,-0.005384
2025-09-27,AAPL,440.24,444.27,431.43,442.43,44969855,0.005461
2025-09-28,AAPL,445.08,455.16,443.23,444.06,34010723,0.003674
2025-09-29,AAPL,452.12,457.55,444.36,448.76,37835212,0.010534
2025-09-30,AAPL,448.71,456.42,443.91,448.57,18958763,-0.00043
2025-10-01,AAPL,454.68,461.39,444.92,451.5,24379489,0.006517
2025-10-02,AAPL,442.97,449.63,435.97,443.48,10410965,-0.01793
2025-10-03,AAPL,434.3,443.51,427.37,434.38,16043555,-0.020723
2025-10-04,AAPL,443.06,441.5,436.67,440.08,49342929,0.013033
2025-10-05,AAPL,456.28,466.17,450.33,454.65,5270964,0.032574
2025-10-06,AAPL,451.64,456.85,440.77,447.44,46559014,-0.015986
2025-10-07,AAPL,453.59,460.48,444.42,449.13,24288030,0.003763
2025-10-08,AAPL,443.56,447.87,440.29,445.06,10137621,-0.009088
2025-10-09,AAPL,446.09,448.17,430.92,443.63,18475962,-0.003223
2025-10-10,AAPL,437.42,453.42,435.42,441.17,8823746,-0.00557
2025-10-11,AAPL,440.21,444.51,427.12,437.67,15010937,-0.00795
2025-10-12,AAPL,440.35,448.12,427.0,439.98,9841510,0.005248
2025-10-13,AAPL,449.4,447.25,444.91,445.68,6584562,0.012888
2025-10-14,AAPL,441.29,444.22,434.56,442.76,2288500,-0.006593
2025-10-15,AAPL,443.02,451.7,431.61,444.83,11577061,0.00468
2025-10-16,AAPL,444.18,451.84,430.81,444.1,28071742,-0.001659
2025-10-17,AAPL,438.04,446.25,430.24,436.06,46619462,-0.018256
2025-10-18,AAPL,442.16,456.63,436.2,443.42,29075206,0.016732
2025-10-19,AAPL,444.89,452.96,444.36,446.27,32190212,0.006398
2025-10-20,AAPL,453.38,460.67,450.47,456.83,13888132,0.023395
2025-10-21,AAPL,451.32,453.25,446.54,448.47,36729234,-0.018471
2025-10-22,AAPL,464.17,470.26,461.34,465.1,10321047,0.03641
2025-10-23,AAPL,459.57,474.63,455.91,463.6,38572484,-0.003222
2025-10-24,AAPL,455.9,458.34,448.81,454.77,34450550,-0.01923
2025-10-25,AAPL,465.59,472.64,457.29,464.19,7676821,0.020487
2025-10-26,AAPL,478.67,485.69,469.72,474.24,42556906,0.021428
2025-10-27,AAPL,489.78,495.15,478.78,485.65,46184891,0.023777
2025-10-28,AAPL,479.24,482.08,466.95,481.28,35086158,-0.009047
2025-02-19,MSFT,367.28,376.81,369.28,369.78,31613872,-0.024046
2025-02-20,MSFT,362.94,367.78,358.13,366.33,13958099,-0.009364
2025-02-21,MSFT,365.29,367.06,356.38,363.11,3475693,-0.008841
2025-02-22,MSFT,344.6,350.59,338.79,347.85,7261453,-0.042925
2025-02-23,MSFT,364.11,369.49,357.22,361.37,11723954,0.038115
2025-02-24,MSFT,371.95,377.96,365.37,374.54,17008554,0.035795
2025-02-25,MSFT,375.86,374.7,365.42,373.54,41604553,-0.00266
2025-02-26,MSFT,380.61,378.23,372.79,377.8,37477574,0.011325
2025-02-27,MSFT,370.1,379.11,364.06,372.0,48115093,-0.015468
2025-02-28,MSFT,383.9,387.08,380.89,382.06,43137720,0.02669
2025-03-01,MSFT,384.97,396.32,387.67,388.25,29354795,0.016069
2025-03-02,MSFT,371.98,374.64,373.03,374.43,17164035,-0.036246
2025-03-03,MSFT,382.01,388.23,372.57,379.33,46468614,0.013017
2025-03-04,MSFT,371.1,375.95,367.97,374.63,10248668,-0.012463
2025-03-05,MSFT,372.63,377.61,366.49,375.16,13819257,0.001397
2025-03-06,MSFT,370.24,374.77,364.01,368.94,24426332,-0.016718
2025-03-07,MSFT,364.72,374.17,357.0,367.75,19096770,-0.003229
2025-03-08,MSFT,361.42,375.1,358.99,364.63,38626675,-0.008513
2025-03-09,MSFT,349.99,355.79,343.4,351.49,6646904,-0.0367
2025-03-10,MSFT,350.08,351.48,350.88,351.35,26577194,-0.000399
2025-03-11,MSFT,356.92,361.43,349.24,357.28,15162172,0.016746
2025-03-12,MSFT,357.48,364.58,355.36,355.81,9968641,-0.004146
2025-03-13,MSFT,359.8,366.76,350.26,356.41,48015820,0.0017
2025-03-14,MSFT,364.06,367.96,351.91,361.82,36890870,0.015048
2025-03-15,MSFT,366.33,371.21,355.83,365.88,18024356,0.011176
2025-03-16,MSFT,366.15,372.98,352.91,363.08,10970761,-0.007684
2025-03-17,MSFT,355.96,362.27,357.7,358.61,47324871,-0.012388
2025-03-18,MSFT,353.39,363.92,352.76,355.49,42581938,-0.008754
2025-03-19,MSFT,367.27,370.43,360.29,364.48,13099076,0.024985
2025-03-20,MSFT,379.16,385.41,366.78,377.06,44123737,0.033943
2025-03-21,MSFT,363.55,365.85,360.28,364.29,2814124,-0.034478
2025-03-22,MSFT,371.57,372.68,365.36,369.55,14151810,0.014356
2025-03-23,MSFT,364.92,368.18,359.77,366.77,43613723,-0.007558
2025-03-24,MSFT,364.72,368.39,358.38,361.48,27938075,-0.014519
2025-03-25,MSFT,354.19,363.23,352.35,354.34,4319820,-0.019973
2025-03-26,MSFT,367.13,371.41,361.07,364.38,46400713,0.027965
2025-03-27,MSFT,369.67,370.86,367.8,368.46,34901272,0.011126
2025-03-28,MSFT,363.47,367.3,362.54,366.43,12876975,-0.005518
2025-03-29,MSFT,361.24,363.53,352.3,358.37,4960943,-0.02224
2025-03-30,MSFT,366.85,377.87,362.53,369.55,43537625,0.030706
2025-03-31,MSFT,369.33,375.53,370.54,371.24,13704509,0.004574
2025-04-01,MSFT,377.36,380.51,378.82,380.27,23601612,0.024036
2025-04-02,MSFT,380.81,389.1,372.26,380.11,30670611,-0.000439
2025-04-03,MSFT,378.0,381.06,368.0,377.08,13567098,-0.008007
2025-04-04,MSFT,381.98,384.74,377.88,381.0,3557601,0.01035
2025-04-05,MSFT,389.79,389.67,382.46,387.04,13169779,0.01573
2025-04-06,MSFT,381.62,383.29,373.93,377.92,13677120,-0.023835
2025-04-07,MSFT,373.5,383.04,369.44,376.94,38585703,-0.002617
2025-04-08,MSFT,390.46,396.48,385.37,391.87,44949909,0.038866
2025-04-09,MSFT,405.43,409.73,396.38,405.84,24240273,0.035015
2025-04-10,MSFT,419.61,421.82,409.96,415.74,35510375,0.024101
2025-04-11,MSFT,425.6,436.08,424.83,426.51,24804811,0.025582
2025-04-12,MSFT,435.92,445.57,431.33,438.75,36658022,0.028285
2025-04-13,MSFT,438.34,448.48,428.39,436.07,22667272,-0.006131
2025-04-14,MSFT,431.61,434.97,422.08,432.2,34133854,-0.008903
2025-04-15,MSFT,441.6,439.69,432.87,437.53,44754958,0.012257
2025-04-16,MSFT,435.45,445.04,432.38,434.3,28239406,-0.007409
2025-04-17,MSFT,440.05,447.51,440.46,442.33,33347197,0.018328
2025-04-18,MSFT,434.71,439.97,422.76,435.6,48878137,-0.015338
2025-04-19,MSFT,438.16,447.06,431.02,438.21,37608627,0.005966
2025-04-20,MSFT,440.92,452.84,435.13,445.12,15305456,0.015641
2025-04-21,MSFT,445.25,451.15,444.15,445.76,2916161,0.001438
2025-04-22,MSFT,426.62,432.1,422.87,428.88,43869137,-0.038588
2025-04-23,MSFT,422.35,428.58,424.0,425.93,7655290,-0.006914
2025-04-24,MSFT,429.65,439.58,427.87,430.41,7218395,0.01046
2025-04-25,MSFT,433.87,442.53,427.37,437.96,48437333,0.017388
2025-04-26,MSFT,438.18,451.73,427.8,440.38,44196619,0.005522
2025-04-27,MSFT,433.72,435.01,429.84,434.87,29070873,-0.012586
2025-04-28,MSFT,441.94,448.01,432.59,439.89,3414335,0.011476
2025-04-29,MSFT,440.72,455.1,430.86,442.83,11316617,0.006661
2025-04-30,MSFT,450.08,455.47,440.89,453.58,13837315,0.023975
2025-05-01,MSFT,452.98,466.36,443.14,454.62,12390354,0.002289
2025-05-02,MSFT,460.21,459.91,445.91,455.98,14954333,0.002984
2025-05-03,MSFT,454.17,455.9,437.11,449.67,16520996,-0.013921
2025-05-04,MSFT,455.35,462.12,440.04,453.04,34221732,0.007454
2025-05-05,MSFT,456.22,457.37,442.14,454.81,23586069,0.003917
2025-05-06,MSFT,445.89,451.11,435.45,444.47,14433262,-0.023012
2025-05-07,MSFT,433.09,436.64,424.65,435.37,20737618,-0.020683
2025-05-08,MSFT,426.15,433.82,419.62,426.82,24897298,-0.019841
2025-05-09,MSFT,433.37,434.17,431.02,433.83,32782300,0.016299
2025-05-10,MSFT,434.81,445.5,425.28,436.41,9887555,0.005928
2025-05-11,MSFT,439.36,446.31,431.46,440.49,43155407,0.009307
2025-05-12,MSFT,443.24,455.44,434.16,443.75,2716536,0.007376
2025-05-13,MSFT,439.34,454.4,438.92,441.66,20428656,-0.004729
2025-05-14,MSFT,430.53,444.52,424.7,434.09,10840971,-0.017288
2025-05-15,MSFT,444.45,449.32,438.28,444.56,7239484,0.023846
2025-05-16,MSFT,462.67,472.24,457.51,459.44,11167812,0.032913
2025-05-17,MSFT,465.53,467.64,463.53,465.81,37278823,0.013778
2025-05-18,MSFT,470.12,475.19,469.77,473.54,5802920,0.016448
2025-05-19,MSFT,482.21,481.01,474.61,479.61,49492445,0.012747
2025-05-20,MSFT,482.63,486.17,479.99,480.16,14228619,0.001143
2025-05-21,MSFT,470.51,476.66,472.65,472.74,2870842,-0.015567
2025-05-22,MSFT,488.65,502.96,484.88,493.54,24460529,0.043046
2025-05-23,MSFT,484.55,481.45,467.18,480.98,40809495,-0.025765
2025-05-24,MSFT,478.37,481.81,463.03,474.44,33070186,-0.0137
2025-05-25,MSFT,492.06,496.08,477.98,489.98,18040339,0.032235
2025-05-26,MSFT,473.34,476.85,475.98,476.56,25689361,-0.027766
2025-05-27,MSFT,486.47,500.84,476.64,486.51,17045805,0.020652
2025-05-28,MSFT,475.92,481.07,458.19,471.76,23114139,-0.030794
2025-05-29,MSFT,488.94,488.64,475.39,484.42,1638726,0.026485
2025-05-30,MSFT,484.64,502.39,481.55,489.28,3218710,0.009995
2025-05-31,MSFT,481.25,495.43,472.59,483.45,19768163,-0.011983
2025-06-01,MSFT,489.21,494.66,473.84,486.5,11337602,0.006281
2025-06-02,MSFT,463.84,469.42,457.03,462.55,42161187,-0.050486
2025-06-03,MSFT,462.93,472.72,459.78,462.61,37576344,0.00013
2025-06-04,MSFT,444.29,446.74,438.68,445.81,26030489,-0.036998
2025-06-05,MSFT,445.98,447.26,441.97,445.83,33798742,4.7e-05
2025-06-06,MSFT,447.23,452.52,448.18,449.95,44277952,0.009206
2025-06-07,MSFT,439.96,439.65,426.51,438.93,9173237,-0.024787
2025-06-08,MSFT,440.57,446.99,438.07,438.21,40788404,-0.001643
2025-06-09,MSFT,455.46,458.03,454.8,457.95,9735934,0.044061
2025-06-10,MSFT,457.2,467.85,457.07,457.2,39594896,-0.001637
2025-06-11,MSFT,456.13,455.0,444.11,451.91,4445709,-0.011658
2025-06-12,MSFT,437.75,452.8,435.06,441.98,45262100,-0.022198
2025-06-13,MSFT,435.56,440.46,421.3,433.58,23170999,-0.019204
2025-06-14,MSFT,443.76,444.83,441.24,442.14,2055713,0.019566
2025-06-15,MSFT,437.54,439.74,424.23,434.33,43186943,-0.017836
2025-06-16,MSFT,431.27,436.91,425.58,427.93,22269115,-0.01484
2025-06-17,MSFT,427.79,433.59,420.75,428.56,44032107,0.001467
2025-06-18,MSFT,417.46,427.79,406.5,416.39,13698115,-0.028807
2025-06-19,MSFT,418.94,418.51,417.04,417.58,11733918,0.002861
2025-06-20,MSFT,412.67,418.17,400.67,410.22,32506364,-0.017781
2025-06-21,MSFT,398.6,404.37,394.09,396.74,38106042,-0.033419
2025-06-22,MSFT,397.66,397.37,385.39,395.74,7647109,-0.002527
2025-06-23,MSFT,397.91,404.59,383.46,394.53,3514429,-0.003049
2025-06-24,MSFT,392.33,403.78,388.41,395.39,21946721,0.002177
2025-06-25,MSFT,387.61,397.3,378.74,389.26,29145182,-0.015626
2025-06-26,MSFT,393.45,394.49,384.09,393.93,20629070,0.011913
2025-06-27,MSFT,408.09,407.33,398.11,405.48,1524457,0.028903
2025-06-28,MSFT,421.12,418.51,415.0,417.81,31177451,0.029944
2025-06-29,MSFT,425.98,430.07,415.41,422.54,21267600,0.011256
2025-06-30,MSFT,405.64,417.32,402.57,407.75,19351200,-0.035614
2025-07-01,MSFT,406.88,419.21,399.03,409.98,23026143,0.005454
2025-07-02,MSFT,403.09,415.98,401.28,404.81,26750627,-0.012697
2025-07-03,MSFT,412.37,413.31,405.29,410.6,12961523,0.014211
2025-07-04,MSFT,418.45,425.19,413.87,415.54,15351630,0.011957
2025-07-05,MSFT,416.31,420.25,413.35,413.73,44028132,-0.004381
2025-07-06,MSFT,432.36,436.4,418.48,428.37,34325168,0.034795
2025-07-07,MSFT,413.66,423.69,413.46,416.23,25181927,-0.028755
2025-07-08,MSFT,428.15,432.92,419.89,429.83,7836873,0.032139
2025-07-09,MSFT,417.75,416.95,405.42,416.67,20173440,-0.031089
2025-07-10,MSFT,428.16,435.49,415.96,424.45,33509628,0.0185
2025-07-11,MSFT,410.21,412.6,406.82,408.7,14871807,-0.037804
2025-07-12,MSFT,406.58,407.97,399.28,404.91,41174491,-0.009318
2025-07-13,MSFT,405.11,411.31,403.32,406.8,19909063,0.00466
2025-07-14,MSFT,407.88,419.87,401.42,410.77,44086808,0.009713
2025-07-15,MSFT,422.6,435.2,420.06,422.61,36852603,0.028415
2025-07-16,MSFT,429.15,436.92,422.16,431.0,14143551,0.019659
2025-07-17,MSFT,417.27,423.79,412.37,420.13,22518929,-0.025558
2025-07-18,MSFT,415.39,423.4,405.05,415.54,43148831,-0.010988
2025-07-19,MSFT,411.59,422.74,404.44,415.0,33034483,-0.001293
2025-07-20,MSFT,411.2,416.53,405.0,410.63,14325777,-0.01059
2025-07-21,MSFT,415.6,422.18,406.14,412.25,25620582,0.003954
2025-07-22,MSFT,418.91,429.5,416.51,420.44,47411039,0.019668
2025-07-23,MSFT,437.07,437.55,430.81,435.66,18236371,0.035566
2025-07-24,MSFT,439.29,447.16,430.07,442.09,22381473,0.014639
2025-07-25,MSFT,440.24,445.65,434.66,441.36,25060512,-0.001661
2025-07-26,MSFT,451.21,456.28,443.21,453.82,42280412,0.027855
2025-07-27,MSFT,465.53,473.48,457.1,463.53,24035104,0.021175
2025-07-28,MSFT,482.75,494.7,475.21,487.16,20313413,0.049715
2025-07-29,MSFT,477.27,480.99,470.6,478.73,20336746,-0.017462
2025-07-30,MSFT,484.52,486.32,469.02,479.85,25846399,0.002331
2025-07-31,MSFT,477.67,479.62,469.88,476.21,7263319,-0.007599
2025-08-01,MSFT,464.21,478.18,461.6,468.81,38269776,-0.015663
2025-08-02,MSFT,484.49,483.7,474.28,481.56,2769954,0.026829
2025-08-03,MSFT,490.57,498.15,486.89,487.99,3088162,0.013256
2025-08-04,MSFT,489.11,497.6,481.62,489.75,14082536,0.003611
2025-08-05,MSFT,486.02,487.49,476.43,483.84,18688624,-0.012152
2025-08-06,MSFT,466.55,477.31,465.31,471.06,46968282,-0.026766
2025-08-07,MSFT,467.68,476.41,465.28,470.18,4156440,-0.001863
2025-08-08,MSFT,470.41,468.05,463.57,465.89,12486934,-0.009177
2025-08-09,MSFT,477.67,486.33,477.27,479.1,11227560,0.027974
2025-08-10,MSFT,468.31,465.33,460.46,465.27,31455071,-0.029289
2025-08-11,MSFT,465.99,466.74,453.46,466.22,41621481,0.00204
2025-08-12,MSFT,455.71,462.23,444.77,455.04,35410170,-0.024273
2025-08-13,MSFT,469.77,486.07,464.27,473.56,7589223,0.039894
2025-08-14,MSFT,479.76,491.12,468.63,477.76,12116470,0.008818
2025-08-15,MSFT,491.56,494.76,482.75,489.98,5599745,0.025253
2025-08-16,MSFT,502.86,510.39,487.34,499.56,30713227,0.019373
2025-08-17,MSFT,510.87,519.4,509.48,514.37,49006504,0.029206
2025-08-18,MSFT,507.74,510.2,494.81,504.31,22331085,-0.019748
2025-08-19,MSFT,500.16,507.35,491.87,501.96,46498321,-0.004665
2025-08-20,MSFT,498.97,500.91,485.81,500.12,8621457,-0.003674
2025-08-21,MSFT,497.16,508.32,481.88,493.68,32076878,-0.01296
2025-08-22,MSFT,490.98,491.33,482.89,488.35,9863141,-0.010846
2025-08-23,MSFT,470.09,475.71,469.34,474.58,33789051,-0.028611
2025-08-24,MSFT,464.91,471.63,455.21,462.95,16803293,-0.024814
2025-08-25,MSFT,461.41,471.54,462.07,464.88,17963544,0.004173
2025-08-26,MSFT,464.46,467.11,462.97,466.68,15376295,0.003863
2025-08-27,MSFT,465.42,469.8,460.95,462.58,31800982,-0.008838
2025-08-28,MSFT,452.77,460.81,452.62,453.07,29637910,-0.020762
2025-08-29,MSFT,465.44,479.37,468.65,468.75,39571628,0.034015
2025-08-30,MSFT,466.55,463.82,459.7,462.48,29237390,-0.013457
2025-08-31,MSFT,475.42,474.16,467.65,471.41,20158225,0.019112
2025-09-01,MSFT,474.8,489.75,466.73,477.52,38043344,0.012884
2025-09-02,MSFT,479.63,489.37,471.47,480.42,49678558,0.006049
2025-09-03,MSFT,480.22,491.55,470.78,482.98,11364465,0.00532
2025-09-04,MSFT,487.38,501.84,488.43,490.38,2597893,0.015199
2025-09-05,MSFT,501.68,507.16,500.78,501.01,15214677,0.021454
2025-09-06,MSFT,497.95,502.72,481.43,493.54,47540135,-0.015027
2025-09-07,MSFT,487.13,492.33,472.17,484.22,8615152,-0.019062
2025-09-08,MSFT,469.64,483.85,461.97,472.24,12841055,-0.025053
2025-09-09,MSFT,487.39,489.84,481.01,485.91,26863343,0.028541
2025-09-10,MSFT,483.39,490.03,473.16,480.28,7097333,-0.011651
2025-09-11,MSFT,477.86,480.4,469.55,478.16,42613442,-0.004439
2025-09-12,MSFT,470.96,474.57,467.83,474.19,9177567,-0.008327
2025-09-13,MSFT,473.52,479.84,468.14,477.49,27723588,0.006925
2025-09-14,MSFT,470.27,476.34,458.51,466.15,35060654,-0.024018
2025-09-15,MSFT,479.22,476.58,470.57,474.51,10229527,0.017761
2025-09-16,MSFT,480.11,488.87,471.87,482.47,33773565,0.016636
2025-09-17,MSFT,461.05,470.02,453.34,460.5,28936431,-0.046604
2025-09-18,MSFT,476.49,484.89,466.72,472.16,18302778,0.025016
2025-09-19,MSFT,473.21,479.03,471.35,473.01,41584376,0.001792
2025-09-20,MSFT,473.48,484.77,470.68,477.9,35104661,0.010276
2025-09-21,MSFT,470.24,482.92,469.14,470.59,1317600,-0.0154
2025-09-22,MSFT,472.23,486.0,470.28,473.95,28596384,0.007108
2025-09-23,MSFT,486.77,500.09,484.31,486.69,5665084,0.026527
2025-09-24,MSFT,492.32,502.29,482.42,490.83,14133533,0.008478
2025-09-25,MSFT,506.89,519.44,502.17,507.68,1423874,0.033756
2025-09-26,MSFT,490.58,496.87,481.24,493.12,21074937,-0.0291
2025-09-27,MSFT,491.42,502.3,484.38,495.04,25997665,0.003871
2025-09-28,MSFT,504.23,504.4,489.08,500.91,9815088,0.011785
2025-09-29,MSFT,505.23,515.25,494.65,506.17,26475988,0.01045
2025-09-30,MSFT,484.3,485.28,478.65,480.32,8882539,-0.052421
2025-10-01,MSFT,487.59,500.87,486.1,487.2,49279332,0.014222
2025-10-02,MSFT,489.98,492.66,475.54,486.81,22251604,-0.000801
2025-10-03,MSFT,489.18,490.68,480.47,484.41,8406438,-0.004929
2025-10-04,MSFT,481.89,484.88,470.69,482.43,36298112,-0.004092
2025-10-05,MSFT,485.91,494.51,473.32,486.06,27346392,0.00749
2025-10-06,MSFT,486.12,487.95,471.45,483.07,13688583,-0.006173
2025-10-07,MSFT,482.1,482.38,472.96,481.0,12610138,-0.004297
2025-10-08,MSFT,469.1,486.34,460.57,472.82,44461567,-0.017144
2025-10-09,MSFT,484.9,496.17,484.96,485.34,18782418,0.026137
2025-10-10,MSFT,490.68,495.32,480.6,485.98,39433870,0.00131
2025-10-11,MSFT,494.78,492.99,476.01,490.47,8874367,0.0092
2025-10-12,MSFT,498.49,498.13,483.28,496.0,33218752,0.0112
2025-10-13,MSFT,495.89,507.31,489.81,493.82,32836678,-0.004391
2025-10-14,MSFT,487.79,495.17,470.11,483.96,10202608,-0.020178
2025-10-15,MSFT,489.13,501.09,485.73,491.77,49857362,0.016007
2025-10-16,MSFT,483.13,493.08,480.31,485.93,31684789,-0.011947
2025-10-17,MSFT,482.98,491.77,469.57,478.94,30601936,-0.014479
2025-10-18,MSFT,479.66,486.98,474.64,483.28,1583205,0.009008
2025-10-19,MSFT,485.28,502.52,482.62,488.36,13749724,0.010457
2025-10-20,MSFT,483.22,489.75,473.93,486.67,23230838,-0.003462
2025-10-21,MSFT,501.14,500.08,493.93,497.16,18296651,0.021331
2025-10-22,MSFT,489.37,490.17,475.32,488.41,49337906,-0.017766
2025-10-23,MSFT,477.85,477.47,469.55,474.24,44973790,-0.029445
2025-10-24,MSFT,463.27,459.51,452.83,459.06,36253089,-0.032521
2025-10-25,MSFT,446.76,455.0,448.05,449.74,21852113,-0.020505
2025-10-26,MSFT,443.57,444.75,438.44,441.34,24954052,-0.018853
2025-10-27,MSFT,448.19,455.75,444.4,445.52,47771177,0.00941
2025-10-28,MSFT,438.62,441.55,432.91,438.66,15559007,-0.015501
2025-02-19,GOOGL,365.97,371.55,360.63,363.06,33172305,-0.010263
2025-02-20,GOOGL,363.34,366.25,357.43,365.69,12658711,0.007221
2025-02-21,GOOGL,361.68,371.49,362.26,365.09,32585539,-0.001638
2025-02-22,GOOGL,368.5,370.76,361.13,365.08,9217921,-3.3e-05
2025-02-23,GOOGL,355.58,362.4,355.18,358.0,32517542,-0.019578
2025-02-24,GOOGL,347.11,352.07,341.4,347.92,14419015,-0.028557
2025-02-25,GOOGL,357.91,362.21,355.56,357.9,15539041,0.028271
2025-02-26,GOOGL,360.94,365.4,354.12,362.17,43442382,0.01188
2025-02-27,GOOGL,361.11,364.04,354.8,360.14,40101463,-0.005639
2025-02-28,GOOGL,362.12,365.82,350.19,359.92,1299310,-0.000606
2025-03-01,GOOGL,356.14,362.66,349.32,358.99,12563121,-0.002592
2025-03-02,GOOGL,355.25,367.0,350.43,357.36,34064778,-0.004546
2025-03-03,GOOGL,354.64,357.45,351.19,352.41,14992329,-0.013947
2025-03-04,GOOGL,357.33,366.5,358.78,360.07,3619652,0.021494
2025-03-05,GOOGL,348.61,355.12,340.81,349.38,23650065,-0.030117
2025-03-06,GOOGL,338.1,346.18,334.27,339.35,19704446,-0.02914
2025-03-07,GOOGL,334.76,342.56,332.35,337.49,46592718,-0.005501
2025-03-08,GOOGL,342.12,342.22,331.16,341.02,18684706,0.010422
2025-03-09,GOOGL,336.42,341.61,339.56,339.82,43834122,-0.003551
2025-03-10,GOOGL,332.83,334.37,332.48,333.4,37996890,-0.01907
2025-03-11,GOOGL,336.62,343.26,330.98,336.52,36094284,0.009314
2025-03-12,GOOGL,329.85,331.92,322.63,326.72,21332665,-0.029544
2025-03-13,GOOGL,320.87,328.52,312.59,321.07,38532091,-0.017442
2025-03-14,GOOGL,318.4,320.26,314.49,320.23,12885025,-0.002619
2025-03-15,GOOGL,323.0,321.4,318.13,320.28,3723614,0.000143
2025-03-16,GOOGL,326.04,332.0,320.21,323.97,30484725,0.011467
2025-03-17,GOOGL,315.69,322.63,309.94,315.45,29169737,-0.026655
2025-03-18,GOOGL,313.16,315.57,306.04,311.58,32687571,-0.012328
2025-03-19,GOOGL,317.57,324.14,313.9,319.29,13890746,0.024426
2025-03-20,GOOGL,317.41,319.85,310.19,318.13,7938767,-0.003623
2025-03-21,GOOGL,314.16,323.17,309.13,314.33,11131552,-0.012013
2025-03-22,GOOGL,312.35,319.46,312.3,313.38,2061600,-0.003051
2025-03-23,GOOGL,308.33,311.51,301.16,309.63,44799773,-0.01204
2025-03-24,GOOGL,307.9,310.09,304.49,309.61,8076248,-6.5e-05
2025-03-25,GOOGL,320.1,326.18,310.47,318.22,9416943,0.027426
2025-03-26,GOOGL,310.46,317.01,305.51,312.51,11971201,-0.018091
2025-03-27,GOOGL,317.54,324.45,310.16,317.17,12075864,0.014797
2025-03-28,GOOGL,321.64,328.7,318.29,319.43,28061792,0.007101
2025-03-29,GOOGL,333.49,339.44,328.2,330.91,8073818,0.035315
2025-03-30,GOOGL,338.19,343.53,333.45,336.04,41976709,0.015371
2025-03-31,GOOGL,331.42,341.39,327.57,331.72,11722692,-0.012942
2025-04-01,GOOGL,332.28,332.72,332.23,332.37,8981441,0.001983
2025-04-02,GOOGL,324.79,333.42,324.36,325.9,1821588,-0.019665
2025-04-03,GOOGL,325.48,329.65,318.87,326.9,7765959,0.003047
2025-04-04,GOOGL,331.82,338.11,322.49,331.54,2965610,0.014094
2025-04-05,GOOGL,333.91,337.31,331.82,333.05,17745284,0.004553
2025-04-06,GOOGL,332.57,337.58,333.17,334.33,23532420,0.003845
2025-04-07,GOOGL,341.89,347.26,328.91,338.7,25403541,0.01298
2025-04-08,GOOGL,339.88,347.1,335.71,337.92,22789787,-0.002308
2025-04-09,GOOGL,341.32,344.94,340.95,341.75,49031958,0.011257
2025-04-10,GOOGL,337.51,343.37,329.89,338.71,40248058,-0.008934
2025-04-11,GOOGL,335.31,343.18,335.62,335.81,26076538,-0.008584
2025-04-12,GOOGL,334.94,343.66,329.12,337.74,29750691,0.005718
2025-04-13,GOOGL,345.0,353.29,335.66,343.41,14556725,0.016655
2025-04-14,GOOGL,338.37,339.66,337.59,339.49,14966932,-0.01147
2025-04-15,GOOGL,338.88,348.92,335.63,340.86,43920755,0.004018
2025-04-16,GOOGL,333.67,342.45,334.78,335.43,34243446,-0.016054
2025-04-17,GOOGL,338.34,347.24,330.72,340.4,26150134,0.014697
2025-04-18,GOOGL,348.3,349.67,340.41,345.28,31886547,0.014255
2025-04-19,GOOGL,347.69,346.08,336.81,346.01,36037440,0.002109
2025-04-20,GOOGL,355.13,353.13,343.63,352.63,46485519,0.018952
2025-04-21,GOOGL,347.87,350.77,345.72,346.79,26125038,-0.016722
2025-04-22,GOOGL,336.53,345.74,331.92,339.14,45102139,-0.02229
2025-04-23,GOOGL,350.95,353.97,348.13,348.99,29335714,0.02863
2025-04-24,GOOGL,353.72,354.85,348.66,354.35,29467224,0.015249
2025-04-25,GOOGL,352.12,360.64,347.05,355.06,40677068,0.002003
2025-04-26,GOOGL,352.14,363.71,349.75,354.26,7501616,-0.002258
2025-04-27,GOOGL,349.64,362.77,349.88,352.94,18232166,-0.003757
2025-04-28,GOOGL,344.6,351.68,343.43,345.39,21282303,-0.021622
2025-04-29,GOOGL,351.97,356.18,342.86,350.6,23689459,0.014974
2025-04-30,GOOGL,362.75,360.7,358.51,359.35,16022591,0.024659
2025-05-01,GOOGL,356.47,366.58,346.88,356.32,1742176,-0.008462
2025-05-02,GOOGL,365.82,375.51,356.08,365.74,33917985,0.026094
2025-05-03,GOOGL,373.21,384.33,374.71,374.97,36064606,0.02491
2025-05-04,GOOGL,361.05,368.48,363.0,363.49,20675095,-0.031082
2025-05-05,GOOGL,371.01,375.8,359.14,367.9,35312533,0.012063
2025-05-06,GOOGL,367.88,368.11,366.86,367.68,43436001,-0.000601
2025-05-07,GOOGL,370.03,373.2,356.57,366.43,23669604,-0.0034
2025-05-08,GOOGL,375.34,384.2,366.71,376.52,12781802,0.027163
2025-05-09,GOOGL,375.99,383.81,369.67,375.55,43510832,-0.002588
2025-05-10,GOOGL,374.0,373.96,360.93,371.37,34545959,-0.011185
2025-05-11,GOOGL,374.39,377.22,364.62,374.2,37372362,0.007589
2025-05-12,GOOGL,366.87,367.85,356.45,364.54,5980390,-0.026164
2025-05-13,GOOGL,375.24,374.75,370.76,372.74,47223327,0.02224
2025-05-14,GOOGL,376.23,374.03,372.99,373.19,22603088,0.001218
2025-05-15,GOOGL,358.64,364.54,353.64,360.43,18449045,-0.034782
2025-05-16,GOOGL,358.24,370.1,356.46,361.12,20752460,0.001897
2025-05-17,GOOGL,364.64,368.72,366.47,367.27,5381855,0.016901
2025-05-18,GOOGL,358.57,366.57,358.2,360.47,10048152,-0.018689
2025-05-19,GOOGL,356.91,367.14,351.01,356.83,6819328,-0.010169
2025-05-20,GOOGL,353.35,354.17,343.34,353.87,36134003,-0.008326
2025-05-21,GOOGL,360.35,358.93,352.39,358.18,39723762,0.012113
2025-05-22,GOOGL,361.66,371.18,360.28,361.82,23726279,0.010115
2025-05-23,GOOGL,361.98,373.26,359.72,364.15,20181533,0.006428
2025-05-24,GOOGL,373.68,382.37,367.5,372.12,19583333,0.021626
2025-05-25,GOOGL,377.03,378.61,368.13,377.94,33685126,0.01554
2025-05-26,GOOGL,391.49,390.07,387.27,388.58,24060323,0.027746
2025-05-27,GOOGL,382.21,384.07,382.54,383.24,34885635,-0.013836
2025-05-28,GOOGL,399.45,408.07,391.77,399.61,23240256,0.041845
2025-05-29,GOOGL,396.47,404.87,391.9,395.21,30548434,-0.011071
2025-05-30,GOOGL,384.36,398.04,378.29,387.77,24634513,-0.019008
2025-05-31,GOOGL,387.99,388.84,382.13,387.07,46829684,-0.001811
2025-06-01,GOOGL,408.44,406.25,399.03,405.35,22960066,0.046138
2025-06-02,GOOGL,393.71,407.75,395.6,397.13,12990512,-0.020495
2025-06-03,GOOGL,399.19,406.52,391.8,400.2,33655822,0.007711
2025-06-04,GOOGL,392.88,394.23,385.17,392.76,19771759,-0.018771
2025-06-05,GOOGL,381.57,383.76,372.83,381.15,11726397,-0.029995
2025-06-06,GOOGL,374.82,379.58,369.66,378.53,48325142,-0.006897
2025-06-07,GOOGL,381.1,378.47,372.17,377.34,32534747,-0.003165
2025-06-08,GOOGL,378.91,381.75,374.42,377.04,37143146,-0.000781
2025-06-09,GOOGL,372.03,379.95,371.73,374.75,35788134,-0.00609
2025-06-10,GOOGL,371.43,383.51,362.74,372.5,44146514,-0.006016
2025-06-11,GOOGL,376.43,378.07,366.15,376.81,9497253,0.011499
2025-06-12,GOOGL,379.85,383.38,369.07,377.56,45550114,0.001987
2025-06-13,GOOGL,383.58,381.78,377.26,381.3,6660510,0.009854
2025-06-14,GOOGL,394.47,397.25,389.73,391.21,39100853,0.025667
2025-06-15,GOOGL,390.33,393.46,383.8,392.23,1390615,0.002591
2025-06-16,GOOGL,394.35,399.66,390.39,394.09,31240658,0.004745
2025-06-17,GOOGL,407.08,406.96,401.43,404.38,44943276,0.025755
2025-06-18,GOOGL,423.31,425.78,418.19,422.56,34620057,0.043995
2025-06-19,GOOGL,424.46,434.13,420.37,421.61,43182922,-0.002254
2025-06-20,GOOGL,418.47,431.9,409.34,420.09,48755269,-0.003625
2025-06-21,GOOGL,423.01,425.5,411.52,421.84,37883758,0.004173
2025-06-22,GOOGL,432.53,440.45,425.54,432.54,49644423,0.025028
2025-06-23,GOOGL,429.15,432.94,422.98,432.59,28438052,0.00012
2025-06-24,GOOGL,426.97,430.95,414.27,425.97,44041466,-0.015414
2025-06-25,GOOGL,432.15,439.98,426.79,431.64,9014679,0.013232
2025-06-26,GOOGL,421.13,426.43,419.35,424.73,14175019,-0.016143
2025-06-27,GOOGL,429.66,438.63,421.06,426.94,16945853,0.005176
2025-06-28,GOOGL,412.69,424.35,403.92,415.2,13879847,-0.027872
2025-06-29,GOOGL,418.44,422.73,412.89,417.18,38527231,0.004758
2025-06-30,GOOGL,406.62,420.73,402.91,410.51,36048362,-0.016113
2025-07-01,GOOGL,395.5,395.22,394.68,394.97,12591806,-0.038608
2025-07-02,GOOGL,394.63,395.01,381.2,392.18,28123497,-0.007082
2025-07-03,GOOGL,390.61,398.55,380.65,388.83,10412075,-0.008565
2025-07-04,GOOGL,382.09,387.89,377.4,380.06,34134752,-0.022833
2025-07-05,GOOGL,380.83,387.84,375.44,384.57,1229973,0.011818
2025-07-06,GOOGL,376.35,382.37,366.12,375.13,47802826,-0.024854
2025-07-07,GOOGL,368.28,375.46,362.42,368.92,17655174,-0.016702
2025-07-08,GOOGL,355.52,367.84,354.08,357.94,21528468,-0.030212
2025-07-09,GOOGL,356.44,366.09,350.96,358.17,17657018,0.000628
2025-07-10,GOOGL,351.12,357.74,350.33,352.89,48303622,-0.014835
2025-07-11,GOOGL,348.71,348.02,341.3,346.3,5828998,-0.018855
2025-07-12,GOOGL,335.92,334.8,326.33,333.07,21817029,-0.038943
2025-07-13,GOOGL,335.58,337.9,329.86,333.03,47257065,-0.000133
2025-07-14,GOOGL,331.29,334.41,328.37,333.04,2005548,3.4e-05
2025-07-15,GOOGL,319.74,330.86,321.2,322.89,10200940,-0.030951
2025-07-16,GOOGL,320.32,329.96,320.6,322.31,9032809,-0.001801
2025-07-17,GOOGL,332.89,340.76,333.34,333.46,17811982,0.03402
2025-07-18,GOOGL,331.48,333.19,325.14,331.16,13926863,-0.006943
2025-07-19,GOOGL,323.82,332.88,323.07,326.43,31645017,-0.014365
2025-07-20,GOOGL,315.61,316.54,311.59,315.87,23868618,-0.032899
2025-07-21,GOOGL,313.4,321.02,313.63,316.04,13513564,0.000557
2025-07-22,GOOGL,322.89,323.14,319.09,320.69,26850637,0.014603
2025-07-23,GOOGL,324.64,332.99,318.68,324.89,26396456,0.013
2025-07-24,GOOGL,327.82,335.74,318.33,326.65,12999350,0.005417
2025-07-25,GOOGL,338.4,342.02,334.76,337.6,9096412,0.032954
2025-07-26,GOOGL,338.3,340.19,335.4,336.14,31437693,-0.004321
2025-07-27,GOOGL,340.79,342.47,330.28,338.62,24059506,0.007334
2025-07-28,GOOGL,357.1,361.93,343.97,353.74,34363431,0.043701
2025-07-29,GOOGL,374.45,376.45,372.68,373.65,9260639,0.054754
2025-07-30,GOOGL,363.98,375.61,364.67,366.87,43549317,-0.018306
2025-07-31,GOOGL,373.71,382.93,372.4,374.38,16723823,0.020246
2025-08-01,GOOGL,377.92,382.86,374.1,381.07,20691512,0.017731
2025-08-02,GOOGL,384.52,385.16,375.02,381.19,34205091,0.00031
2025-08-03,GOOGL,390.62,394.44,383.05,387.75,20973777,0.017066
2025-08-04,GOOGL,378.56,390.19,372.88,381.96,22744447,-0.015052
2025-08-05,GOOGL,366.57,374.69,365.33,367.71,8211768,-0.038031
2025-08-06,GOOGL,363.01,365.19,362.03,364.05,17351616,-0.009985
2025-08-07,GOOGL,374.07,373.96,360.94,371.84,5608402,0.021158
2025-08-08,GOOGL,368.04,380.22,366.01,371.35,45091485,-0.001317
2025-08-09,GOOGL,367.59,373.65,360.2,365.7,42524825,-0.015323
2025-08-10,GOOGL,377.03,381.93,369.71,375.86,6775996,0.027391
2025-08-11,GOOGL,379.54,384.43,374.08,381.77,42524313,0.015592
2025-08-12,GOOGL,391.84,399.5,389.63,393.62,49846975,0.030574
2025-08-13,GOOGL,403.97,406.47,392.22,400.86,19260084,0.018233
2025-08-14,GOOGL,410.0,411.26,407.01,408.65,6954579,0.019256
2025-08-15,GOOGL,402.68,411.88,399.73,405.52,43822289,-0.007706
2025-08-16,GOOGL,405.01,415.05,399.32,403.68,27796078,-0.004541
2025-08-17,GOOGL,379.32,383.17,373.51,380.92,18189842,-0.058019
2025-08-18,GOOGL,392.49,399.22,386.96,390.28,18751353,0.024265
2025-08-19,GOOGL,388.16,389.49,387.23,389.02,33127334,-0.003227
2025-08-20,GOOGL,374.35,380.22,375.23,377.75,5736350,-0.029402
2025-08-21,GOOGL,372.27,377.78,362.33,370.47,25594900,-0.019476
2025-08-22,GOOGL,376.77,381.32,367.07,375.82,24277167,0.014345
2025-08-23,GOOGL,375.35,381.55,369.52,376.58,2410048,0.002015
2025-08-24,GOOGL,380.5,378.24,373.32,376.74,4219999,0.000425
2025-08-25,GOOGL,376.89,381.28,372.27,379.81,40248273,0.008115
2025-08-26,GOOGL,376.05,380.07,371.0,376.68,13410092,-0.008269
2025-08-27,GOOGL,370.81,373.31,368.85,370.25,27193987,-0.017214
2025-08-28,GOOGL,364.74,372.14,358.43,364.43,4523184,-0.01585
2025-08-29,GOOGL,356.72,364.54,354.7,358.3,46776570,-0.01695
2025-08-30,GOOGL,368.79,377.6,368.66,369.71,46771512,0.03135
2025-08-31,GOOGL,373.06,380.2,360.37,369.92,49695510,0.000564
2025-09-01,GOOGL,359.88,372.3,358.34,363.07,18312398,-0.018686
2025-09-02,GOOGL,363.94,374.31,356.21,366.1,8804999,0.008287
2025-09-03,GOOGL,375.35,384.73,374.83,376.41,35485069,0.027778
2025-09-04,GOOGL,368.77,369.79,364.08,367.45,43139106,-0.024072
2025-09-05,GOOGL,373.34,379.55,371.01,376.0,32137309,0.022984
2025-09-06,GOOGL,386.51,386.92,379.77,384.44,49799191,0.022213
2025-09-07,GOOGL,376.98,384.64,371.84,380.05,5454661,-0.011491
2025-09-08,GOOGL,395.07,407.28,385.36,396.18,4303314,0.041551
2025-09-09,GOOGL,407.43,420.86,409.4,410.86,10258767,0.036396
2025-09-10,GOOGL,409.54,412.36,397.9,406.06,34996286,-0.011748
2025-09-11,GOOGL,402.13,407.58,391.69,401.53,17842569,-0.011235
2025-09-12,GOOGL,394.45,396.92,384.0,394.31,11722198,-0.018136
2025-09-13,GOOGL,396.92,402.5,394.75,399.4,6910048,0.012829
2025-09-14,GOOGL,404.76,402.62,393.94,402.07,29393002,0.006657
2025-09-15,GOOGL,416.43,419.42,407.19,412.55,4518591,0.025734
2025-09-16,GOOGL,414.63,417.67,413.04,415.33,8722084,0.006707
2025-09-17,GOOGL,414.53,415.12,406.84,411.97,29205025,-0.00811
2025-09-18,GOOGL,431.14,429.25,420.54,426.95,23484898,0.03572
2025-09-19,GOOGL,428.67,427.52,412.76,425.05,39105069,-0.004476
2025-09-20,GOOGL,414.8,418.78,406.27,418.32,37062193,-0.015955
2025-09-21,GOOGL,423.81,429.98,413.25,425.31,28854657,0.016576
2025-09-22,GOOGL,433.51,435.59,432.19,435.01,25902962,0.022548
2025-09-23,GOOGL,452.0,455.68,446.09,454.93,25099805,0.044771
2025-09-24,GOOGL,452.21,460.27,436.78,450.27,3451629,-0.010294
2025-09-25,GOOGL,454.74,462.08,450.89,458.06,15537342,0.017156
2025-09-26,GOOGL,469.29,467.13,457.84,465.43,22536439,0.015972
2025-09-27,GOOGL,466.96,478.03,463.82,468.55,44504575,0.006666
2025-09-28,GOOGL,466.46,475.84,454.07,467.22,2771140,-0.002835
2025-09-29,GOOGL,495.98,497.37,478.23,491.51,18186792,0.050681
2025-09-30,GOOGL,499.03,507.31,490.06,497.92,24853597,0.012966
2025-10-01,GOOGL,475.3,482.48,467.18,479.02,16264594,-0.038703
2025-10-02,GOOGL,472.75,484.9,461.72,473.14,28799097,-0.01235
2025-10-03,GOOGL,472.1,478.57,461.81,472.93,29096335,-0.000447
2025-10-04,GOOGL,471.95,482.58,476.13,476.67,38141957,0.007876
2025-10-05,GOOGL,441.67,449.81,435.42,444.57,43483134,-0.069716
2025-10-06,GOOGL,432.26,434.64,425.83,429.42,8172997,-0.034663
2025-10-07,GOOGL,428.23,427.62,416.69,425.54,1271876,-0.009081
2025-10-08,GOOGL,418.09,428.46,411.21,421.4,26726040,-0.009785
2025-10-09,GOOGL,418.59,426.23,412.16,421.89,3551066,0.001166
2025-10-10,GOOGL,424.69,424.96,415.94,423.11,23539582,0.002898
2025-10-11,GOOGL,434.31,431.14,427.91,430.18,7953748,0.016568
2025-10-12,GOOGL,416.82,427.51,411.83,419.21,37924540,-0.025838
2025-10-13,GOOGL,408.64,414.15,397.79,406.16,27439460,-0.031617
2025-10-14,GOOGL,416.93,420.49,404.98,417.35,32126298,0.027176
2025-10-15,GOOGL,419.21,418.17,414.43,417.51,8699265,0.000369
2025-10-16,GOOGL,428.95,436.42,428.6,431.62,1156833,0.033248
2025-10-17,GOOGL,438.62,439.97,433.99,436.9,14748270,0.01215
2025-10-18,GOOGL,433.21,440.19,427.98,436.88,31241085,-3.1e-05
2025-10-19,GOOGL,432.08,444.88,424.55,434.44,27743470,-0.005613
2025-10-20,GOOGL,434.41,433.98,429.87,430.66,27007011,-0.008742
2025-10-21,GOOGL,424.33,427.11,416.2,424.32,34043184,-0.014817
2025-10-22,GOOGL,420.3,431.52,412.8,424.22,40317373,-0.000233
2025-10-23,GOOGL,426.37,430.82,415.14,426.4,40224841,0.005127
2025-10-24,GOOGL,422.44,431.31,419.98,421.45,45379315,-0.011697
2025-10-25,GOOGL,421.63,428.16,414.43,421.34,33350465,-0.000259
2025-10-26,GOOGL,420.68,429.39,413.69,421.7,9759524,0.000863
2025-10-27,GOOGL,427.12,431.17,417.27,426.41,42273391,0.011095
2025-10-28,GOOGL,415.09,418.4,416.57,417.43,33514665,-0.02128
2025-02-19,NVDA,312.52,317.47,308.34,311.3,30686991,0.006312
2025-02-20,NVDA,306.47,316.73,302.33,308.07,45141876,-0.010424
2025-02-21,NVDA,307.92,312.3,301.24,308.56,20592141,0.001597
2025-02-22,NVDA,305.2,308.85,303.08,308.04,3816925,-0.001713
2025-02-23,NVDA,316.71,321.52,309.14,314.13,34207362,0.019605
2025-02-24,NVDA,308.35,316.48,302.75,308.99,40156505,-0.016522
2025-02-25,NVDA,319.55,326.17,314.43,321.57,7205847,0.039921
2025-02-26,NVDA,326.04,331.07,318.98,325.6,34906648,0.012461
2025-02-27,NVDA,330.9,331.45,322.87,328.03,23238727,0.00741
2025-02-28,NVDA,323.96,329.57,321.05,326.18,32501731,-0.005642
2025-03-01,NVDA,331.5,336.2,331.19,333.19,18192111,0.021273
2025-03-02,NVDA,320.31,332.33,320.22,323.17,21478275,-0.03054
2025-03-03,NVDA,321.75,327.36,314.27,319.59,5250646,-0.011153
2025-03-04,NVDA,318.18,324.6,312.88,317.86,24950997,-0.005427
2025-03-05,NVDA,319.95,324.69,320.31,321.79,47551152,0.012298
2025-03-06,NVDA,322.86,331.64,320.83,323.93,2620908,0.006629
2025-03-07,NVDA,320.48,326.47,322.06,322.55,43847840,-0.004278
2025-03-08,NVDA,316.1,320.64,313.33,316.1,12800473,-0.02019
2025-03-09,NVDA,320.1,323.65,319.66,321.51,46961161,0.016968
2025-03-10,NVDA,332.85,343.84,331.73,334.68,41643917,0.04016
2025-03-11,NVDA,349.13,355.83,342.44,348.6,20866907,0.040728
2025-03-12,NVDA,356.73,363.19,350.13,357.91,7649204,0.026361
2025-03-13,NVDA,366.32,370.9,363.14,363.74,20202230,0.016171
2025-03-14,NVDA,359.01,362.63,357.66,358.26,2006253,-0.015175
2025-03-15,NVDA,357.93,359.63,350.13,357.75,39479072,-0.001427
2025-03-16,NVDA,370.02,372.49,363.26,367.81,35423919,0.02773
2025-03-17,NVDA,371.49,376.74,368.2,370.98,11488737,0.008581
2025-03-18,NVDA,363.87,371.72,360.89,363.18,37415526,-0.021269
2025-03-19,NVDA,362.07,366.35,354.98,358.64,22432449,-0.012569
2025-03-20,NVDA,354.88,362.2,350.66,357.41,18023277,-0.003435
2025-03-21,NVDA,354.92,359.51,344.02,353.72,33295637,-0.010377
2025-03-22,NVDA,346.14,355.23,341.67,346.93,40004171,-0.019395
2025-03-23,NVDA,351.95,356.32,350.21,352.23,47424589,0.015166
2025-03-24,NVDA,347.68,353.7,343.37,344.71,32665386,-0.021584
2025-03-25,NVDA,349.15,355.91,341.57,349.86,36966807,0.014831
2025-03-26,NVDA,363.2,363.24,356.34,360.39,47875850,0.029656
2025-03-27,NVDA,362.14,368.13,349.85,360.28,34510433,-0.000288
2025-03-28,NVDA,352.06,358.9,351.95,353.69,5832972,-0.018469
2025-03-29,NVDA,357.55,361.55,357.72,357.87,19642617,0.011743
2025-03-30,NVDA,348.39,359.24,345.15,351.87,21696020,-0.016914
2025-03-31,NVDA,353.36,357.65,344.11,350.83,44516449,-0.002956
2025-04-01,NVDA,342.75,349.92,343.93,345.81,15480812,-0.01442
2025-04-02,NVDA,349.03,357.65,343.78,347.33,40491601,0.004391
2025-04-03,NVDA,348.7,353.25,342.36,347.37,7704646,0.000115
2025-04-04,NVDA,342.89,346.53,340.45,343.86,45959701,-0.010138
2025-04-05,NVDA,338.78,342.03,340.09,340.77,21888924,-0.009043
2025-04-06,NVDA,338.89,342.29,338.05,340.52,49742822,-0.000738
2025-04-07,NVDA,330.02,338.47,322.83,328.8,39922343,-0.035025
2025-04-08,NVDA,317.35,322.98,313.09,320.45,17057211,-0.025699
2025-04-09,NVDA,326.67,327.72,320.49,323.73,47352052,0.010181
2025-04-10,NVDA,315.78,319.58,316.23,316.26,11833422,-0.023359
2025-04-11,NVDA,316.84,323.01,314.1,317.8,9249753,0.004849
2025-04-12,NVDA,334.53,332.73,325.14,331.6,49824104,0.042508
2025-04-13,NVDA,336.35,341.43,334.0,338.38,15072168,0.020244
2025-04-14,NVDA,339.74,344.02,337.29,340.67,48383644,0.006748
2025-04-15,NVDA,334.13,341.37,327.22,336.13,3304348,-0.013419
2025-04-16,NVDA,339.57,342.19,334.73,339.36,25275318,0.009571
2025-04-17,NVDA,341.86,348.47,338.1,338.81,31756596,-0.001634
2025-04-18,NVDA,349.67,350.71,347.19,347.95,27416144,0.026628
2025-04-19,NVDA,355.5,360.12,350.9,353.11,9615902,0.014715
2025-04-20,NVDA,358.76,370.83,350.58,361.03,26303722,0.02218
2025-04-21,NVDA,361.66,369.4,353.76,362.45,3491989,0.003932
2025-04-22,NVDA,361.76,365.01,363.22,364.01,39304491,0.004293
2025-04-23,NVDA,371.7,370.83,360.22,369.59,49186475,0.015219
2025-04-24,NVDA,358.18,370.57,360.0,361.05,20689357,-0.023382
2025-04-25,NVDA,371.1,383.27,371.53,373.35,23434365,0.03351
2025-04-26,NVDA,373.87,375.13,363.55,372.81,24013766,-0.001456
2025-04-27,NVDA,380.96,385.78,370.66,380.76,24545068,0.021093
2025-04-28,NVDA,370.25,377.22,371.81,372.96,23223733,-0.0207
2025-04-29,NVDA,366.05,373.71,368.83,369.5,13375101,-0.009318
2025-04-30,NVDA,364.24,372.67,357.55,366.12,30683683,-0.00919
2025-05-01,NVDA,349.89,356.27,348.61,351.26,42309169,-0.04141
2025-05-02,NVDA,362.46,365.6,356.22,364.32,47203928,0.036487
2025-05-03,NVDA,360.64,369.13,354.44,364.07,29183569,-0.000683
2025-05-04,NVDA,368.11,377.84,363.0,368.8,9851289,0.012923
2025-05-05,NVDA,383.87,398.39,386.8,387.51,31991749,0.049477
2025-05-06,NVDA,382.77,383.39,377.84,379.74,30189849,-0.020244
2025-05-07,NVDA,370.11,367.61,365.43,367.17,12409262,-0.033672
2025-05-08,NVDA,367.76,371.6,359.27,370.21,47436625,0.008238
2025-05-09,NVDA,370.2,381.69,368.0,371.61,13912718,0.003767
2025-05-10,NVDA,381.64,392.74,374.44,382.77,37262710,0.02961
2025-05-11,NVDA,366.93,378.6,362.96,369.67,3000044,-0.034836
2025-05-12,NVDA,368.62,372.35,365.87,366.12,11412198,-0.009642
2025-05-13,NVDA,368.07,377.33,362.31,369.08,30807771,0.008044
2025-05-14,NVDA,359.69,372.35,357.68,362.37,14046177,-0.01833
2025-05-15,NVDA,357.49,364.93,356.5,357.33,29537915,-0.014008
2025-05-16,NVDA,359.83,364.14,347.01,357.22,46520010,-0.000328
2025-05-17,NVDA,356.0,357.32,345.15,354.4,15049065,-0.007907
2025-05-18,NVDA,355.0,359.24,346.25,353.35,43866127,-0.002977
2025-05-19,NVDA,351.56,355.35,346.42,353.32,28415745,-8.6e-05
2025-05-20,NVDA,349.13,356.81,349.84,350.42,7041227,-0.008239
2025-05-21,NVDA,354.42,364.17,349.63,357.48,27145834,0.019934
2025-05-22,NVDA,359.11,364.27,351.97,361.61,1685449,0.011489
2025-05-23,NVDA,372.25,376.24,366.15,370.24,12192058,0.023588
2025-05-24,NVDA,371.26,376.05,365.3,372.01,35350489,0.004788
2025-05-25,NVDA,376.26,382.8,368.84,375.99,23802318,0.01063
2025-05-26,NVDA,376.55,385.22,368.94,380.31,38644207,0.011424
2025-05-27,NVDA,390.77,392.5,381.08,388.61,22517220,0.021578
2025-05-28,NVDA,393.46,403.81,390.82,392.57,4173055,0.010159
2025-05-29,NVDA,388.37,398.95,383.78,388.75,42417811,-0.009777
2025-05-30,NVDA,395.36,405.9,385.85,395.46,39655712,0.017101
2025-05-31,NVDA,393.99,398.05,385.92,393.06,28386920,-0.006088
2025-06-01,NVDA,375.76,388.32,375.8,379.08,1897616,-0.036206
2025-06-02,NVDA,379.29,385.02,366.28,375.68,16674164,-0.009006
2025-06-03,NVDA,375.47,384.09,371.13,377.08,5008363,0.003714
2025-06-04,NVDA,378.54,375.75,366.61,375.44,46120005,-0.004353
2025-06-05,NVDA,367.45,379.0,363.22,369.41,42052536,-0.016196
2025-06-06,NVDA,376.01,374.21,369.17,373.25,44128728,0.010334
2025-06-07,NVDA,369.35,376.31,361.28,370.62,3708663,-0.007064
2025-06-08,NVDA,362.06,374.75,354.89,364.5,6535036,-0.016654
2025-06-09,NVDA,367.33,367.31,354.46,364.04,5725227,-0.001273
2025-06-10,NVDA,366.74,371.71,363.53,365.25,2248865,0.003319
2025-06-11,NVDA,362.95,373.09,358.94,362.64,35159029,-0.007157
2025-06-12,NVDA,355.05,360.3,353.92,357.72,44842034,-0.013669
2025-06-13,NVDA,357.27,360.9,354.05,355.77,28464609,-0.005462
2025-06-14,NVDA,357.32,359.3,349.01,355.88,31581867,0.000299
2025-06-15,NVDA,352.74,352.15,345.58,349.79,12936044,-0.017247
2025-06-16,NVDA,344.21,350.39,335.26,345.45,45246507,-0.012476
2025-06-17,NVDA,346.68,345.67,338.5,344.53,39817622,-0.002683
2025-06-18,NVDA,343.74,346.82,335.47,343.83,31818343,-0.002023
2025-06-19,NVDA,350.69,356.93,343.54,350.01,4436627,0.0178
2025-06-20,NVDA,343.06,347.21,341.61,343.21,25493624,-0.019627
2025-06-21,NVDA,343.94,342.62,341.83,341.97,4173516,-0.003599
2025-06-22,NVDA,333.33,343.79,330.19,336.38,20838262,-0.016474
2025-06-23,NVDA,344.57,346.27,337.03,344.23,45812810,0.023059
2025-06-24,NVDA,340.52,345.53,337.23,343.34,4724957,-0.002599
2025-06-25,NVDA,341.98,342.37,331.95,339.47,6881077,-0.011318
2025-06-26,NVDA,344.15,348.06,345.74,346.42,46073340,0.020266
2025-06-27,NVDA,344.96,350.3,337.06,341.66,1756266,-0.013853
2025-06-28,NVDA,342.52,348.15,338.4,340.51,26563974,-0.003369
2025-06-29,NVDA,334.47,342.08,330.77,335.97,13339443,-0.013431
2025-06-30,NVDA,343.06,342.92,339.21,339.71,38074718,0.011086
2025-07-01,NVDA,337.53,346.73,337.35,339.28,25908885,-0.001274
2025-07-02,NVDA,340.2,349.44,334.37,341.7,4954709,0.00711
2025-07-03,NVDA,336.36,345.22,329.97,338.2,11996068,-0.010291
2025-07-04,NVDA,342.28,348.37,331.41,339.89,44922024,0.004987
2025-07-05,NVDA,330.61,337.48,326.86,332.2,36237759,-0.022897
2025-07-06,NVDA,334.19,339.94,332.06,337.12,20776209,0.014697
2025-07-07,NVDA,326.51,332.73,325.84,327.08,33142027,-0.030211
2025-07-08,NVDA,316.41,320.91,314.1,318.31,31478534,-0.027187
2025-07-09,NVDA,313.64,316.0,307.73,314.99,11883366,-0.010487
2025-07-10,NVDA,300.43,307.6,295.85,301.19,21067423,-0.044799
2025-07-11,NVDA,296.83,298.16,291.23,298.03,12602765,-0.010554
2025-07-12,NVDA,295.44,301.88,289.92,296.82,28006671,-0.004066
2025-07-13,NVDA,289.24,293.34,281.81,290.48,2676126,-0.021593
2025-07-14,NVDA,297.22,296.93,291.95,295.98,21390066,0.018772
2025-07-15,NVDA,297.92,304.0,294.39,297.77,13191812,0.006024
2025-07-16,NVDA,301.6,303.27,293.94,300.39,29627240,0.008763
2025-07-17,NVDA,307.47,314.95,301.98,308.2,12412706,0.025671
2025-07-18,NVDA,311.93,313.66,309.5,309.55,40353707,0.004351
2025-07-19,NVDA,308.74,311.22,308.14,308.27,11234938,-0.004153
2025-07-20,NVDA,313.23,320.72,313.61,314.24,23686463,0.019185
2025-07-21,NVDA,327.17,338.37,318.69,328.53,6822870,0.044489
2025-07-22,NVDA,341.47,349.72,331.57,341.39,29437450,0.03839
2025-07-23,NVDA,347.14,348.4,344.68,346.56,26898694,0.015033
2025-07-24,NVDA,343.34,350.24,339.31,345.1,8174213,-0.004237
2025-07-25,NVDA,344.2,350.58,340.98,342.09,35479115,-0.008737
2025-07-26,NVDA,339.94,341.4,341.02,341.06,16481020,-0.003035
2025-07-27,NVDA,353.58,353.69,349.67,351.35,26935874,0.029748
2025-07-28,NVDA,357.09,362.19,352.37,359.92,37091908,0.024095
2025-07-29,NVDA,357.65,363.7,356.14,359.17,49752099,-0.002095
2025-07-30,NVDA,372.19,373.45,366.51,368.66,47115132,0.026086
2025-07-31,NVDA,364.75,376.94,360.38,366.69,27901135,-0.005357
2025-08-01,NVDA,362.68,370.32,354.17,361.76,5845561,-0.013554
2025-08-02,NVDA,357.84,370.71,360.42,360.64,37578779,-0.003094
2025-08-03,NVDA,363.92,371.85,356.78,361.2,39214528,0.001565
2025-08-04,NVDA,365.45,367.97,358.21,362.3,9517988,0.003038
2025-08-05,NVDA,359.1,369.6,358.97,361.77,5555912,-0.001463
2025-08-06,NVDA,354.21,358.41,350.13,354.22,7496055,-0.021092
2025-08-07,NVDA,363.12,365.61,361.36,362.1,16542233,0.021994
2025-08-08,NVDA,373.04,378.86,367.35,370.15,31318172,0.021993
2025-08-09,NVDA,367.55,370.5,360.66,369.33,4770488,-0.00222
2025-08-10,NVDA,373.27,380.7,372.47,372.83,36890783,0.009441
2025-08-11,NVDA,365.35,371.11,359.96,365.09,23373100,-0.020979
2025-08-12,NVDA,367.15,377.89,366.54,369.83,19230747,0.01288
2025-08-13,NVDA,385.24,388.88,374.01,385.44,30175721,0.041351
2025-08-14,NVDA,389.79,397.53,386.94,392.45,1000768,0.018026
2025-08-15,NVDA,384.38,391.78,377.28,387.85,1321365,-0.011793
2025-08-16,NVDA,386.41,396.66,381.46,385.36,44748258,-0.006433
2025-08-17,NVDA,399.41,403.78,395.62,402.74,46843330,0.044112
2025-08-18,NVDA,401.76,411.6,392.85,401.46,3542813,-0.003177
2025-08-19,NVDA,393.37,401.29,381.97,392.17,23459561,-0.023415
2025-08-20,NVDA,392.47,404.45,393.34,395.65,24153604,0.008813
2025-08-21,NVDA,389.87,391.21,382.75,388.34,40579866,-0.018644
2025-08-22,NVDA,380.69,392.73,372.19,382.43,12297495,-0.015324
2025-08-23,NVDA,378.47,392.27,377.4,381.86,17674685,-0.001488
2025-08-24,NVDA,366.04,374.59,358.29,366.96,48937339,-0.039797
2025-08-25,NVDA,352.56,359.32,354.23,354.24,23172545,-0.035279
2025-08-26,NVDA,361.01,368.53,351.62,359.45,23099704,0.014582
2025-08-27,NVDA,366.53,368.79,361.12,368.57,44645717,0.025057
2025-08-28,NVDA,366.45,373.51,362.09,366.94,5816694,-0.00442
2025-08-29,NVDA,368.78,370.96,366.0,366.95,15963292,1.2e-05
2025-08-30,NVDA,359.83,361.31,359.12,359.54,13124322,-0.020393
2025-08-31,NVDA,361.12,361.46,350.96,358.54,12094026,-0.00279
2025-09-01,NVDA,359.71,365.17,353.66,359.31,12180184,0.002165
2025-09-02,NVDA,358.24,355.81,353.29,354.75,37975938,-0.012791
2025-09-03,NVDA,359.33,368.73,352.96,359.67,38417624,0.01377
2025-09-04,NVDA,359.4,368.13,353.18,357.8,24178569,-0.005204
2025-09-05,NVDA,361.32,362.06,351.1,361.02,13711540,0.008972
2025-09-06,NVDA,381.96,388.12,372.88,378.26,10940452,0.046648
2025-09-07,NVDA,382.18,391.53,374.52,383.13,38642663,0.012776
2025-09-08,NVDA,385.19,384.75,380.65,381.75,5296843,-0.003612
2025-09-09,NVDA,370.32,376.34,363.63,366.83,32397945,-0.039866
2025-09-10,NVDA,367.59,380.07,361.96,370.04,21581612,0.008716
2025-09-11,NVDA,383.19,387.86,379.14,381.39,14428065,0.030213
2025-09-12,NVDA,376.19,381.17,366.94,376.28,30213377,-0.013492
2025-09-13,NVDA,375.24,382.66,373.62,375.33,18448788,-0.002524
2025-09-14,NVDA,379.44,383.73,371.77,378.22,10609880,0.007676
2025-09-15,NVDA,376.88,379.46,375.12,377.06,39021210,-0.003064
2025-09-16,NVDA,381.7,386.03,373.54,383.26,49807482,0.016309
2025-09-17,NVDA,380.57,386.99,378.13,382.24,44358170,-0.002669
2025-09-18,NVDA,387.69,389.72,374.41,383.9,22362826,0.004329
2025-09-19,NVDA,388.68,394.27,384.59,392.47,17629802,0.022076
2025-09-20,NVDA,393.5,407.52,385.85,395.82,38918438,0.008499
2025-09-21,NVDA,388.83,387.2,382.96,385.55,7340484,-0.026293
2025-09-22,NVDA,373.4,377.59,372.35,374.53,32548757,-0.028986
2025-09-23,NVDA,373.96,373.52,360.89,370.41,44178348,-0.011072
2025-09-24,NVDA,364.05,373.5,363.99,365.32,36810669,-0.013828
2025-09-25,NVDA,361.94,370.16,349.71,360.42,1383637,-0.013514
2025-09-26,NVDA,363.45,368.02,359.61,365.01,36682438,0.01265
2025-09-27,NVDA,376.28,382.25,366.37,372.7,49155642,0.020861
2025-09-28,NVDA,380.65,380.05,376.5,379.04,6889068,0.016853
2025-09-29,NVDA,375.52,388.31,378.23,378.73,19034631,-0.000802
2025-09-30,NVDA,375.84,381.1,373.85,374.12,45415444,-0.012246
2025-10-01,NVDA,377.12,378.38,366.29,376.55,29817295,0.006464
2025-10-02,NVDA,363.61,368.64,362.44,366.67,14964077,-0.026575
2025-10-03,NVDA,367.66,371.11,358.9,364.04,41499560,-0.007214
2025-10-04,NVDA,351.19,351.0,337.7,348.12,47674806,-0.044722
2025-10-05,NVDA,352.41,355.52,348.44,349.09,17341755,0.002795
2025-10-06,NVDA,344.82,353.77,338.14,346.56,47632005,-0.007269
2025-10-07,NVDA,341.78,341.18,328.52,338.46,31207146,-0.023665
2025-10-08,NVDA,329.63,339.66,323.58,329.97,9201967,-0.025391
2025-10-09,NVDA,326.25,331.01,316.46,324.02,9368984,-0.018194
2025-10-10,NVDA,324.98,329.89,318.83,324.84,8595107,0.002532
2025-10-11,NVDA,317.84,325.93,309.16,317.67,48924741,-0.022333
2025-10-12,NVDA,310.94,315.16,302.33,308.5,24003560,-0.029281
2025-10-13,NVDA,312.59,316.83,306.76,310.43,46885769,0.006235
2025-10-14,NVDA,314.78,323.25,304.47,313.87,24203397,0.011011
2025-10-15,NVDA,312.47,322.89,308.82,314.24,17949862,0.001188
2025-10-16,NVDA,320.71,324.99,315.23,322.69,28997638,0.026522
2025-10-17,NVDA,319.36,324.65,315.52,319.73,47071336,-0.009214
2025-10-18,NVDA,317.6,326.23,314.29,316.93,46776268,-0.008782
2025-10-19,NVDA,310.89,314.14,306.27,312.16,35044272,-0.01518
2025-10-20,NVDA,302.41,307.01,297.9,302.64,19120890,-0.030979
2025-10-21,NVDA,306.5,313.4,306.06,307.08,7291125,0.014571
2025-10-22,NVDA,304.8,307.97,298.79,307.58,34298284,0.001635
2025-10-23,NVDA,309.25,311.84,307.33,310.47,19369302,0.009368
2025-10-24,NVDA,310.01,312.44,300.82,307.8,16512682,-0.008663
2025-10-25,NVDA,312.69,315.57,309.98,314.76,48491316,0.022382
2025-10-26,NVDA,329.01,328.81,318.66,328.43,42401687,0.042488
2025-10-27,NVDA,343.92,353.65,346.99,347.29,9824626,0.055849
2025-10-28,NVDA,345.67,346.0,337.74,343.73,17230096,-0.010305
2025-02-19,META,438.26,436.82,427.12,435.55,22604953,0.011419
2025-02-20,META,441.86,452.18,444.14,445.83,31118228,0.023316
2025-02-21,META,447.02,456.51,437.98,444.1,1142634,-0.003881
2025-02-22,META,455.45,454.23,445.77,451.93,33223343,0.017484
2025-02-23,META,443.49,455.85,443.96,446.93,3215986,-0.011125
2025-02-24,META,447.59,460.7,447.25,447.68,31624048,0.00168
2025-02-25,META,442.86,454.37,434.72,445.14,7797709,-0.005693
2025-02-26,META,447.04,456.04,441.65,444.03,5210077,-0.002506
2025-02-27,META,446.81,449.92,443.19,447.33,25203429,0.007413
2025-02-28,META,452.06,461.22,448.57,449.62,46346792,0.005109
2025-03-01,META,463.19,470.37,449.48,459.76,25742207,0.022298
2025-03-02,META,465.69,478.33,465.51,468.42,13960579,0.018656
2025-03-03,META,460.04,476.07,456.16,463.08,45189990,-0.011457
2025-03-04,META,471.45,476.54,469.02,474.85,5067729,0.02509
2025-03-05,META,469.09,482.17,459.13,472.09,48639026,-0.005831
2025-03-06,META,482.94,495.14,480.49,486.57,2774187,0.030222
2025-03-07,META,492.25,497.73,481.8,495.4,4541027,0.017975
2025-03-08,META,497.11,508.08,484.04,498.26,23974413,0.005764
2025-03-09,META,490.16,502.22,475.3,489.74,34673450,-0.01726
2025-03-10,META,481.29,487.44,478.71,480.55,19796869,-0.01893
2025-03-11,META,487.45,493.5,482.32,489.54,17049149,0.018538
2025-03-12,META,497.65,510.87,492.78,496.14,31995072,0.013393
2025-03-13,META,493.36,501.32,488.4,489.19,12337177,-0.014118
2025-03-14,META,515.24,519.95,510.93,512.21,9253512,0.045988
2025-03-15,META,490.87,502.16,483.48,491.57,15594050,-0.041136
2025-03-16,META,498.25,500.13,496.78,498.26,17274836,0.013517
2025-03-17,META,482.66,491.14,481.74,487.0,5990557,-0.022846
2025-03-18,META,488.05,493.91,475.86,483.57,6479604,-0.007069
2025-03-19,META,463.29,473.98,453.71,464.72,16262533,-0.039778
2025-03-20,META,464.14,470.78,453.36,465.79,35293526,0.00232
2025-03-21,META,476.08,487.28,463.09,475.91,21684520,0.021476
2025-03-22,META,479.99,478.92,470.04,478.35,27279000,0.005112
2025-03-23,META,474.08,490.11,469.1,478.74,43213267,0.000833
2025-03-24,META,482.46,498.27,473.39,487.12,16324768,0.017336
2025-03-25,META,479.78,479.56,471.96,475.48,40315949,-0.024178
2025-03-26,META,465.36,471.81,461.6,465.99,33256019,-0.020171
2025-03-27,META,475.41,475.18,467.02,473.45,23712448,0.015885
2025-03-28,META,470.46,483.54,463.9,470.37,21906618,-0.006509
2025-03-29,META,461.41,472.97,454.47,460.5,38378156,-0.021219
2025-03-30,META,471.02,469.45,463.86,466.82,49128583,0.013626
2025-03-31,META,464.33,463.5,451.29,460.23,9630515,-0.014213
2025-04-01,META,462.02,467.69,453.98,460.64,35881685,0.000897
2025-04-02,META,450.49,464.03,453.24,453.8,1561401,-0.014967
2025-04-03,META,462.34,472.33,446.21,459.25,27149055,0.01194
2025-04-04,META,464.29,475.56,459.37,462.38,28789584,0.006798
2025-04-05,META,467.14,470.29,449.98,463.69,36173327,0.002837
2025-04-06,META,477.3,479.57,462.92,477.07,8477075,0.028427
2025-04-07,META,478.72,488.15,471.56,475.66,47506613,-0.002954
2025-04-08,META,474.04,480.26,461.93,473.12,5523119,-0.005355
2025-04-09,META,450.41,456.7,436.54,447.32,12233991,-0.056064
2025-04-10,META,440.58,453.81,433.36,442.17,7385776,-0.011576
2025-04-11,META,450.15,459.09,443.82,448.05,48321903,0.013201
2025-04-12,META,458.47,458.2,445.23,455.73,39559200,0.016986
2025-04-13,META,448.01,456.87,440.27,443.83,15257942,-0.026458
2025-04-14,META,437.85,438.2,425.97,437.62,7050114,-0.01408
2025-04-15,META,444.36,450.16,438.63,446.2,16321393,0.019409
2025-04-16,META,434.0,442.23,427.89,435.38,14047647,-0.024551
2025-04-17,META,437.08,445.22,421.19,434.01,40627104,-0.003145
2025-04-18,META,440.25,441.08,437.51,437.97,24639152,0.009091
2025-04-19,META,435.74,438.26,423.16,434.96,12802229,-0.006911
2025-04-20,META,439.48,442.76,435.04,439.6,45087481,0.010613
2025-04-21,META,429.31,434.91,425.64,433.57,11047513,-0.013817
2025-04-22,META,437.42,435.81,425.44,433.1,22687417,-0.001084
2025-04-23,META,429.9,441.81,429.19,430.26,29284098,-0.006564
2025-04-24,META,431.83,441.08,418.13,428.27,7627329,-0.004635
2025-04-25,META,429.1,437.82,425.21,429.79,49513960,0.003541
2025-04-26,META,434.54,448.09,428.26,435.78,35737394,0.013834
2025-04-27,META,427.55,441.04,417.3,428.8,24227073,-0.016141
2025-04-28,META,438.25,451.42,430.96,441.63,7727753,0.029485
2025-04-29,META,441.13,447.8,437.34,444.95,19267928,0.007491
2025-04-30,META,455.66,465.18,445.75,458.04,22023570,0.028978
2025-05-01,META,444.32,451.17,440.38,446.65,42149514,-0.025177
2025-05-02,META,442.97,449.98,428.05,440.68,15928675,-0.013446
2025-05-03,META,430.31,431.73,420.37,431.33,17199789,-0.021451
2025-05-04,META,431.38,436.29,421.59,431.33,15263382,5e-06
2025-05-05,META,428.09,439.81,421.74,429.08,26827585,-0.005241
2025-05-06,META,438.37,445.13,430.44,439.59,29580987,0.024209
2025-05-07,META,447.46,457.47,438.14,447.63,21877521,0.018126
2025-05-08,META,434.61,442.02,435.88,435.94,22616469,-0.026471
2025-05-09,META,445.71,444.1,431.13,443.3,41216501,0.016752
2025-05-10,META,445.77,457.48,439.3,446.93,28687209,0.00814
2025-05-11,META,456.17,455.74,441.86,454.98,7818277,0.017868
2025-05-12,META,444.64,456.82,436.84,445.47,28065662,-0.021122
2025-05-13,META,436.69,448.36,431.92,438.32,31480674,-0.016188
2025-05-14,META,436.34,438.13,427.22,436.44,44457871,-0.004302
2025-05-15,META,432.92,446.95,431.15,437.24,18970100,0.001821
2025-05-16,META,433.39,436.77,429.77,431.17,10097304,-0.013977
2025-05-17,META,439.44,450.81,440.27,441.39,30569367,0.023442
2025-05-18,META,426.7,433.46,418.85,422.49,15059006,-0.043761
2025-05-19,META,425.22,436.19,416.85,428.38,12298046,0.01384
2025-05-20,META,434.83,445.58,425.99,438.94,44431482,0.024349
2025-05-21,META,439.41,450.24,429.31,437.77,47060649,-0.002663
2025-05-22,META,415.7,424.17,415.39,417.97,47455145,-0.046288
2025-05-23,META,413.91,421.44,401.61,412.26,36535294,-0.013769
2025-05-24,META,401.69,407.6,402.58,403.75,30553369,-0.020849
2025-05-25,META,406.63,411.75,399.61,407.4,2451094,0.008993
2025-05-26,META,411.48,415.88,404.74,408.62,8550069,0.002993
2025-05-27,META,411.41,411.87,396.4,407.81,39088745,-0.001993
2025-05-28,META,414.01,422.51,406.1,412.04,35424729,0.01032
2025-05-29,META,434.13,439.46,418.23,430.93,28771899,0.044832
2025-05-30,META,427.35,436.56,424.27,424.71,12963671,-0.014544
2025-05-31,META,426.82,429.45,412.96,423.3,46968584,-0.003308
2025-06-01,META,425.6,432.68,416.72,423.7,17923832,0.000946
2025-06-02,META,434.21,433.45,422.24,431.63,22704447,0.018543
2025-06-03,META,428.43,436.03,425.67,428.57,49370537,-0.007133
2025-06-04,META,414.22,415.04,410.77,414.5,15311907,-0.033363
2025-06-05,META,408.86,414.76,394.4,406.49,37780986,-0.019536
2025-06-06,META,404.99,408.3,401.35,403.64,27607930,-0.007027
2025-06-07,META,406.81,415.56,400.76,404.68,35055186,0.002573
2025-06-08,META,407.33,414.78,401.16,404.73,48127631,0.000128
2025-06-09,META,411.14,425.76,409.7,414.61,17713085,0.024125
2025-06-10,META,427.4,432.02,415.42,424.0,26583875,0.022378
2025-06-11,META,418.44,432.59,414.86,422.41,4291246,-0.003754
2025-06-12,META,430.36,443.97,424.94,432.76,8749616,0.024211
2025-06-13,META,426.97,434.36,416.79,422.79,32733878,-0.023301
2025-06-14,META,426.74,432.56,426.16,426.46,7401546,0.008634
2025-06-15,META,423.05,429.2,417.66,422.9,27137039,-0.008382
2025-06-16,META,427.5,424.98,415.56,424.83,22322217,0.004553
2025-06-17,META,424.28,429.63,414.8,426.05,12288819,0.002865
2025-06-18,META,432.47,438.64,424.17,432.12,31475440,0.014153
2025-06-19,META,452.67,467.35,443.37,454.82,36265366,0.051189
2025-06-20,META,468.84,477.74,460.44,466.19,3163778,0.024711
2025-06-21,META,465.22,478.37,459.29,464.48,5988425,-0.003685
2025-06-22,META,436.71,445.61,433.14,440.02,44768025,-0.054095
2025-06-23,META,431.81,433.59,421.15,432.42,26810170,-0.017417
2025-06-24,META,436.64,445.9,427.67,439.37,38862016,0.015928
2025-06-25,META,449.1,457.82,446.0,451.39,25259370,0.026996
2025-06-26,META,467.55,478.81,464.05,466.94,16697093,0.033873
2025-06-27,META,457.15,467.9,454.65,457.57,22921363,-0.020282
2025-06-28,META,445.62,455.02,445.39,446.66,35142486,-0.024127
2025-06-29,META,463.87,462.6,459.19,460.29,25728107,0.030063
2025-06-30,META,468.71,469.23,461.95,469.07,39808666,0.01889
2025-07-01,META,484.29,487.26,482.76,484.4,11131914,0.032156
2025-07-02,META,489.11,495.92,474.85,485.61,18408299,0.002512
2025-07-03,META,487.96,495.22,476.66,488.53,38030818,0.005986
2025-07-04,META,491.98,498.83,489.32,489.77,1902992,0.002528
2025-07-05,META,481.23,490.38,480.76,484.57,40060007,-0.010669
2025-07-06,META,491.96,491.04,476.42,489.96,46858600,0.011062
2025-07-07,META,506.17,508.24,499.15,504.69,11837963,0.02962
2025-07-08,META,502.68,513.16,492.41,504.03,1856342,-0.001303
2025-07-09,META,499.19,508.1,483.11,496.36,21163870,-0.015345
2025-07-10,META,487.7,501.21,483.18,490.27,20984205,-0.012346
2025-07-11,META,489.64,491.5,477.47,489.2,34831118,-0.002185
2025-07-12,META,481.04,491.12,476.93,479.04,6700425,-0.020983
2025-07-13,META,483.59,490.77,470.87,479.88,24453505,0.00176
2025-07-14,META,473.71,483.03,472.32,474.6,23842340,-0.011076
2025-07-15,META,487.6,489.03,478.66,484.7,18558836,0.021065
2025-07-16,META,485.95,499.21,484.16,488.52,38167811,0.007844
2025-07-17,META,487.13,490.77,477.79,489.97,24750733,0.002974
2025-07-18,META,506.25,520.29,494.39,505.52,40149805,0.031234
2025-07-19,META,505.02,513.74,505.61,508.28,3754540,0.005453
2025-07-20,META,499.71,510.61,497.84,502.56,30083225,-0.011322
2025-07-21,META,500.29,505.41,495.91,501.02,19794382,-0.003067
2025-07-22,META,507.59,523.13,499.83,512.69,10873139,0.023025
2025-07-23,META,512.63,525.6,505.07,511.43,21606815,-0.00246
2025-07-24,META,518.36,535.38,510.77,520.78,17915089,0.018125
2025-07-25,META,511.74,522.2,499.5,512.24,46964713,-0.016547
2025-07-26,META,492.56,504.49,488.35,496.55,17795388,-0.03111
2025-07-27,META,485.95,496.39,479.0,488.56,20112335,-0.01622
2025-07-28,META,500.68,505.26,499.77,500.29,4684161,0.023722
2025-07-29,META,495.25,503.88,482.97,494.51,8640904,-0.01161
2025-07-30,META,496.98,497.47,480.53,492.66,28104222,-0.003758
2025-07-31,META,496.31,509.0,486.33,498.19,16792677,0.01117
2025-08-01,META,506.9,523.59,509.03,509.47,48767512,0.022393
2025-08-02,META,505.59,506.26,487.65,501.03,22893166,-0.016699
2025-08-03,META,503.41,510.52,497.42,506.17,45788931,0.010199
2025-08-04,META,524.92,528.24,514.39,520.8,28400240,0.02849
2025-08-05,META,498.73,502.96,495.94,502.26,27813331,-0.036252
2025-08-06,META,490.03,499.86,473.56,487.82,43589160,-0.029163
2025-08-07,META,488.93,502.59,480.89,492.07,5207451,0.00867
2025-08-08,META,505.35,510.2,497.55,504.52,31813702,0.02498
2025-08-09,META,478.45,483.33,470.28,481.25,31553527,-0.047216
2025-08-10,META,477.53,490.47,468.46,479.3,7016981,-0.004051
2025-08-11,META,473.59,477.06,462.4,474.08,38699807,-0.010952
2025-08-12,META,479.73,483.42,472.36,475.5,41355693,0.002976
2025-08-13,META,479.95,483.05,472.5,481.23,39358214,0.011992
2025-08-14,META,460.95,469.6,452.4,461.77,8245269,-0.041276
2025-08-15,META,436.8,437.39,432.02,433.42,6618895,-0.063363
2025-08-16,META,414.99,424.01,408.48,418.04,42216254,-0.036127
2025-08-17,META,418.95,422.62,413.27,416.88,23278350,-0.002792
2025-08-18,META,407.23,418.94,405.62,408.24,18981866,-0.020947
2025-08-19,META,406.3,408.25,395.87,406.73,48022786,-0.0037
2025-08-20,META,405.78,406.03,394.01,401.77,38050787,-0.012258
2025-08-21,META,392.12,397.51,391.44,393.86,48912081,-0.019903
2025-08-22,META,386.63,398.04,383.37,390.32,48562797,-0.009025
2025-08-23,META,375.84,377.82,367.58,373.81,5480162,-0.04322
2025-08-24,META,370.3,372.76,363.98,371.47,33370797,-0.006258
2025-08-25,META,372.02,371.0,363.82,368.38,11573568,-0.008362
2025-08-26,META,362.78,369.54,361.65,364.85,45427715,-0.009644
2025-08-27,META,355.76,357.49,355.87,356.37,20801886,-0.023506
2025-08-28,META,340.12,344.32,333.24,339.95,46185330,-0.047168
2025-08-29,META,348.05,352.2,335.93,345.02,4708262,0.014814
2025-08-30,META,343.63,349.12,340.99,344.14,12307033,-0.002573
2025-08-31,META,352.08,362.74,354.68,355.31,49173311,0.031948
2025-09-01,META,341.76,342.88,340.35,342.8,3030993,-0.035834
2025-09-02,META,336.78,343.36,332.76,334.39,38204919,-0.024837
2025-09-03,META,345.9,355.11,344.05,348.46,35092546,0.04121
2025-09-04,META,340.7,343.6,339.33,342.05,45032375,-0.018575
2025-09-05,META,338.96,342.21,338.92,342.12,28265602,0.000208
2025-09-06,META,351.51,356.79,348.52,351.73,5058380,0.027697
2025-09-07,META,354.85,355.4,349.44,351.48,2067344,-0.000717
2025-09-08,META,348.66,356.49,347.0,349.2,20398288,-0.006495
2025-09-09,META,363.08,372.96,358.97,363.27,36543479,0.039504
2025-09-10,META,371.51,370.23,358.99,369.3,2798896,0.016459
2025-09-11,META,363.54,366.18,360.97,364.7,39916213,-0.012541
2025-09-12,META,357.7,362.42,357.66,360.31,48050922,-0.012093
2025-09-13,META,357.32,363.78,350.07,355.53,35988420,-0.013354
2025-09-14,META,345.88,352.73,340.16,346.0,15815025,-0.027188
2025-09-15,META,348.0,351.29,343.03,345.5,8612663,-0.001452
2025-09-16,META,344.25,353.41,340.45,344.51,25936421,-0.002851
2025-09-17,META,340.79,343.04,339.39,342.31,41398035,-0.006424
2025-09-18,META,350.42,348.98,339.08,347.16,4369372,0.014092
2025-09-19,META,360.94,366.89,350.12,358.76,15396323,0.032844
2025-09-20,META,364.31,366.36,359.84,363.69,13919798,0.013662
2025-09-21,META,371.72,372.69,361.22,368.18,46946700,0.012261
2025-09-22,META,351.37,358.6,349.66,353.56,40575323,-0.040523
2025-09-23,META,361.63,363.88,352.78,358.57,13558729,0.014084
2025-09-24,META,361.72,365.22,354.24,358.82,49352854,0.000681
2025-09-25,META,361.22,371.28,355.64,362.43,3562685,0.010016
2025-09-26,META,366.81,367.63,362.63,366.76,21842952,0.011878
2025-09-27,META,366.1,365.86,355.08,363.1,41104480,-0.010034
2025-09-28,META,375.23,383.67,367.15,377.31,46587497,0.038396
2025-09-29,META,379.5,388.78,376.0,379.17,47263887,0.00493
2025-09-30,META,386.17,393.75,383.33,387.04,2455325,0.020534
2025-10-01,META,401.68,410.66,394.52,403.14,30689280,0.040753
2025-10-02,META,408.85,416.79,399.47,408.07,8872756,0.012166
2025-10-03,META,390.16,400.93,388.53,391.14,34235052,-0.042391
2025-10-04,META,399.02,407.18,395.06,399.23,45454558,0.020483
2025-10-05,META,399.68,403.91,388.35,396.1,34948906,-0.007864
2025-10-06,META,395.9,396.62,392.21,394.74,24191349,-0.003449
2025-10-07,META,394.92,396.82,388.28,391.13,48363797,-0.009183
2025-10-08,META,388.81,389.59,384.5,388.23,45914189,-0.007454
2025-10-09,META,389.9,397.5,378.75,388.07,26842675,-0.000404
2025-10-10,META,395.68,399.64,395.88,399.39,17427804,0.028759
2025-10-11,META,406.01,414.42,400.65,405.12,4464804,0.014234
2025-10-12,META,399.97,397.58,390.37,396.54,24228726,-0.021399
2025-10-13,META,389.8,396.11,388.23,392.9,40366821,-0.009213
2025-10-14,META,392.31,401.58,390.26,392.86,16550661,-0.000117
2025-10-15,META,398.42,397.99,387.34,395.12,31310181,0.00573
2025-10-16,META,398.21,400.47,386.7,395.02,29049968,-0.000249
2025-10-17,META,373.15,380.61,375.85,376.38,28817081,-0.048325
2025-10-18,META,379.86,392.98,381.59,382.0,45923305,0.014821
2025-10-19,META,363.91,375.22,360.28,367.56,24911467,-0.038527
2025-10-20,META,360.49,361.04,352.8,360.14,19275459,-0.020394
2025-10-21,META,365.34,371.12,365.48,366.29,33125916,0.016915
2025-10-22,META,363.26,368.09,362.61,366.35,47013933,0.000172
2025-10-23,META,368.46,372.31,366.1,367.7,4433398,0.003678
2025-10-24,META,369.17,375.33,358.58,366.9,11486914,-0.002176
2025-10-25,META,362.38,364.02,355.55,362.0,6086730,-0.013462
2025-10-26,META,360.47,364.44,354.69,357.39,16305207,-0.012818
2025-10-27,META,353.35,363.89,353.09,356.62,14527852,-0.002133
2025-10-28,META,361.1,369.14,358.59,358.77,2124746,0.006014
