Date,AAPL,AMZN,GOOGL,IWM,META,MSFT,NVDA,QQQ,SPY,TSLA
2024-10-28,232.3187713623047,188.38999938964844,165.9879913330078,220.0703887939453,576.3477172851562,423.4112548828125,140.479736328125,492.7406921386719,573.8533935546875,262.510009765625
2024-10-29,232.5875244140625,190.8300018310547,168.9349822998047,219.35812377929688,591.42041015625,428.7312927246094,141.20950317382812,497.4751892089844,574.7821044921875,259.5199890136719
2024-10-30,229.03407287597656,192.72999572753906,173.69400024414062,219.06134033203125,589.9449462890625,429.30694580078125,139.300048828125,493.7154541015625,573.0432739257812,257.54998779296875
2024-10-31,224.86349487304688,186.39999389648438,170.3587188720703,215.42086791992188,565.8009033203125,403.32208251953125,132.72193908691406,481.2527160644531,561.809814453125,249.85000610351562
2024-11-01,221.8773956298828,197.92999267578125,170.53790283203125,216.6277618408203,565.3822631835938,407.31207275390625,135.36119079589844,484.8134765625,564.1809692382812,248.97999572753906
2024-11-04,220.98153686523438,195.77999877929688,168.49691772460938,217.72584533691406,558.9224853515625,405.4162902832031,136.01100158691406,483.4010925292969,562.9656982421875,242.83999633789062
2024-11-05,222.41485595703125,199.5,168.9947509765625,221.82138061523438,570.6356811523438,408.39398193359375,139.86988830566406,489.56781005859375,569.7730102539062,251.44000244140625
2024-11-06,221.68826293945312,207.08999633789062,175.73500061035156,234.67184448242188,570.2568969726562,417.04901123046875,145.56826782226562,502.86602783203125,583.940673828125,288.5299987792969
2024-11-07,226.4261932373047,210.0500030517578,179.95639038085938,233.8408660888672,589.8453369140625,422.2598571777344,148.83734130859375,510.78326416015625,588.4558715820312,296.9100036621094
2024-11-08,226.15716552734375,208.17999267578125,177.5669403076172,235.5621795654297,587.4927368164062,419.39141845703125,147.58767700195312,511.3800964355469,591.0048828125,321.2200012207031
2024-11-11,223.43682861328125,206.83999633789062,179.5581512451172,239.1037139892578,581.3419799804688,414.8951721191406,145.2183380126953,511.0818176269531,591.5680541992188,350.0
2024-11-12,223.43682861328125,208.91000366210938,180.82257080078125,234.9092559814453,582.9868774414062,419.87774658203125,148.24746704101562,510.1567077636719,589.7304077148438,328.489990234375
2024-11-13,224.32366943359375,214.10000610351562,178.0946044921875,232.58450317382812,578.1819458007812,422.0315856933594,146.22808837890625,509.500244140625,590.0169067382812,330.239990234375
2024-11-14,227.41270446777344,211.47999572753906,174.80909729003906,229.4485321044922,575.3508911132812,423.7090148925781,146.71791076660156,505.9593811035156,586.2229614257812,311.17999267578125
2024-11-15,224.20408630371094,202.61000061035156,171.73265075683594,226.0257110595703,552.3432006835938,411.9075927734375,141.9392852783203,493.9044494628906,578.7142333984375,320.7200012207031
2024-11-18,227.21340942382812,201.6999969482422,174.5303192138672,226.4708709716797,552.6622924804688,412.6619567871094,140.10980224609375,497.33587646484375,581.08544921875,338.739990234375
2024-11-19,227.4724884033203,204.61000061035156,177.3379364013672,228.15261840820312,559.331298828125,414.67681884765625,146.9678497314453,500.7574157714844,583.2095947265625,346.0
2024-11-20,228.18994140625,202.8800048828125,175.2073211669922,228.44940185546875,563.7473754882812,412.3939208984375,145.84817504882812,500.468994140625,583.4072265625,342.0299987792969
2024-11-21,227.71163940429688,198.3800048828125,166.8939971923828,231.9217071533203,561.3250122070312,410.61370849609375,146.62796020507812,502.269287109375,586.5391235351562,339.6400146484375
2024-11-22,229.05686950683594,197.1199951171875,164.03659057617188,236.20518493652344,557.387451171875,414.7211608886719,141.9093017578125,503.0749206542969,588.3570556640625,352.55999755859375
2024-11-25,232.04624938964844,201.4499969482422,166.9138946533203,239.7961883544922,563.3386840820312,416.5013732910156,135.9810028076172,503.8706359863281,590.352783203125,338.5899963378906
2024-11-26,234.22850036621094,207.86000061035156,168.37744140625,238.03530883789062,571.7422485351562,425.6510925292969,136.88075256347656,506.5760498046875,593.435302734375,338.2300109863281
2024-11-27,234.09896850585938,205.74000549316406,168.48696899414062,238.36175537109375,567.4158325195312,420.6784362792969,135.3011932373047,502.5875549316406,591.6371459960938,332.8900146484375
2024-11-29,236.490478515625,207.88999938964844,168.20819091796875,239.27188110351562,572.5198364257812,421.1458435058594,138.2103729248047,507.0036926269531,595.3125,345.1600036621094
2024-12-02,238.7424774169922,210.7100067138672,170.73704528808594,239.15318298339844,590.9718017578125,428.6247863769531,138.5902557373047,512.52392578125,596.3795166015625,357.0899963378906
2024-12-03,241.79165649414062,213.44000244140625,170.5876922607422,237.45164489746094,611.7265014648438,428.84356689453125,140.2198028564453,514.095458984375,596.6561279296875,351.4200134277344
2024-12-04,242.15037536621094,218.16000366210938,173.60438537597656,238.3024139404297,611.8561401367188,435.0295715332031,145.09840393066406,520.451171875,600.3610229492188,357.92999267578125
2024-12-05,242.18028259277344,220.5500030517578,171.8820037841797,235.52259826660156,607.021240234375,440.20111083984375,145.02841186523438,519.0089111328125,599.3731079101562,369.489990234375
2024-12-06,241.98098754882812,227.02999877929688,173.9429168701172,236.3634490966797,621.8148193359375,441.14593505859375,142.4089813232422,523.6538696289062,600.50927734375,389.2200012207031
2024-12-09,245.8771514892578,226.08999633789062,174.80010986328125,235.17636108398438,611.646728515625,443.58251953125,138.77975463867188,519.575927734375,597.4168701171875,389.7900085449219
2024-12-10,246.8935546875,225.0399932861328,184.56826782226562,234.1574249267578,617.3787841796875,440.9072570800781,135.04058837890625,517.8053588867188,595.5594482421875,400.989990234375
2024-12-11,245.61807250976562,230.25999450683594,194.76502990722656,235.21592712402344,630.6968383789062,446.5363464355469,139.27964782714844,527.0753784179688,600.1635131835938,424.7699890136719
2024-12-12,247.08290100097656,228.97000122070312,191.33621215820312,232.1591033935547,628.812744140625,447.10321044921875,137.31008911132812,523.6737670898438,597.0711059570312,418.1000061035156
2024-12-13,247.2522735595703,227.4600067138672,189.20315551757812,230.56642150878906,618.405517578125,444.8257141113281,134.22076416015625,527.68212890625,596.9525756835938,436.2300109863281
2024-12-16,250.1519775390625,232.92999267578125,196.02093505859375,231.9217071533203,622.7852783203125,449.12213134765625,131.9712371826172,535.2810668945312,599.5015258789062,463.0199890136719
2024-12-17,252.58334350585938,231.14999389648438,194.7849578857422,229.26658630371094,617.9964599609375,451.9764404296875,130.36160278320312,532.9237670898438,597.0315551757812,479.8599853515625
2024-12-18,247.1725616455078,220.52000427246094,187.7877655029297,219.11642456054688,595.79833984375,434.999755859375,128.88192749023438,513.6975708007812,579.2379150390625,440.1300048828125
2024-12-19,248.90640258789062,223.2899932861328,187.8974151611328,218.14407348632812,594.1820068359375,434.6416931152344,130.65151977539062,511.40997314453125,579.06005859375,436.1700134277344
2024-12-20,253.58978271484375,224.9199981689453,190.78799438476562,220.18800354003906,583.8861083984375,434.21405029296875,134.670654296875,515.8758544921875,586.01513671875,421.05999755859375
2024-12-23,254.36703491210938,225.05999755859375,193.99754333496094,219.68199157714844,598.4520874023438,432.8714294433594,139.6395721435547,520.90185546875,589.5244140625,430.6000061035156
2024-12-24,257.2866516113281,229.0500030517578,195.47271728515625,221.6465301513672,606.3336791992188,436.9291076660156,140.18946838378906,527.9651489257812,596.0769653320312,462.2799987792969
2024-12-26,258.1037292480469,227.0500030517578,194.96438598632812,223.9186553955078,601.9439697265625,435.7157897949219,139.89952087402344,527.6065063476562,596.1166381835938,454.1300048828125
2024-12-27,254.68588256835938,223.75,192.1335906982422,220.65432739257812,598.4122314453125,428.1772155761719,136.98016357421875,520.5929565429688,589.8416137695312,431.6600036621094
2024-12-30,251.30787658691406,221.3000030517578,190.61856079101562,218.9576873779297,589.8621215820312,422.5083312988281,137.46005249023438,513.669189453125,583.110595703125,417.4100036621094
2024-12-31,249.5341796875,219.38999938964844,188.6848602294922,219.23550415039062,584.1455078125,419.1965637207031,134.26075744628906,509.3056640625,580.9891357421875,403.8399963378906
2025-01-02,242.9874267578125,220.22000122070312,188.81442260742188,219.41409301757812,597.843505859375,416.2925109863281,138.27987670898438,508.3094482421875,579.5617065429688,379.2799987792969
2025-01-03,242.4991455078125,224.19000244140625,191.166748046875,222.6783905029297,603.2208862304688,421.0364685058594,144.43853759765625,516.6280517578125,586.8081665039062,410.44000244140625
2025-01-06,244.1333465576172,227.61000061035156,196.23025512695312,222.76771545410156,628.7313842773438,425.5118713378906,149.39744567871094,522.5655517578125,590.1885375976562,411.04998779296875
2025-01-07,241.3532257080078,222.11000061035156,194.854736328125,220.98175048828125,616.4500732421875,420.0617980957031,140.10946655273438,513.2407836914062,583.5170288085938,394.3599853515625
2025-01-08,241.8414764404297,222.1300048828125,193.3197479248047,219.97964477539062,609.2967529296875,422.2398681640625,140.07948303222656,513.3304443359375,584.3695068359375,394.94000244140625
2025-01-10,236.01217651367188,218.94000244140625,191.41592407226562,215.1377410888672,614.4248046875,416.6604919433594,135.8804168701172,505.2808837890625,575.4476928710938,394.739990234375
2025-01-13,233.5708465576172,218.4600067138672,190.38929748535156,215.554443359375,606.9124145507812,414.9101257324219,133.20098876953125,503.6570129394531,576.3399047851562,403.30999755859375
2025-01-14,232.45480346679688,217.75999450683594,189.04367065429688,218.0051727294922,592.8651733398438,413.3984375,131.73129272460938,503.1788024902344,577.1329345703125,396.3599853515625
2025-01-15,237.028564453125,223.35000610351562,194.91453552246094,222.29144287109375,615.681884765625,423.98028564453125,136.21034240722656,514.7550659179688,587.6310424804688,428.2200012207031
2025-01-16,227.45257568359375,220.66000366210938,192.28311157226562,222.7379608154297,609.8753662109375,422.25970458984375,133.54090881347656,511.14874267578125,586.5008544921875,413.82000732421875
2025-01-17,229.16647338867188,225.94000244140625,195.3630828857422,223.70037841796875,611.342041015625,426.6854248046875,137.6800079345703,519.7760620117188,592.3892822265625,426.5
2025-01-21,221.85244750976562,230.7100067138672,197.4064178466797,227.99658203125,615.0234375,426.1582946777344,140.79933166503906,522.8245849609375,597.811767578125,424.07000732421875
2025-01-22,223.03822326660156,235.00999450683594,197.72537231445312,226.50827026367188,622.0469970703125,443.7616271972656,147.03799438476562,529.5093994140625,601.1723022460938,415.1099853515625
2025-01-23,222.8688507080078,235.4199981689453,197.33665466308594,227.5401611328125,634.966796875,444.2687683105469,147.1879425048828,530.6350708007812,604.4535522460938,412.3800048828125
2025-01-24,221.991943359375,234.85000610351562,199.5594024658203,226.9051513671875,645.9810791015625,441.6332702636719,142.58892822265625,527.6363525390625,602.68896484375,406.5799865722656
2025-01-27,229.04690551757812,235.4199981689453,191.18670654296875,224.7322540283203,658.3422241210938,432.1851806640625,118.39420318603516,512.2745361328125,594.1636962890625,397.1499938964844
2025-01-28,237.41717529296875,238.14999389648438,194.6653594970703,224.9803009033203,672.7584838867188,444.7561340332031,128.9619140625,519.8458251953125,599.26904296875,398.0899963378906
2025-01-29,238.5133056640625,237.07000732421875,194.77499389648438,224.46435546875,674.9135131835938,439.9127197265625,123.67305755615234,518.8695678710938,596.58251953125,389.1000061035156
2025-01-30,236.7495574951172,234.63999938964844,200.21725463867188,226.7464141845703,685.3990478515625,412.7221374511719,124.62285614013672,521.0811157226562,599.784423828125,400.2799987792969
2025-01-31,235.16519165039062,237.67999267578125,203.35702514648438,224.71241760253906,687.5739135742188,412.7917785644531,120.04385375976562,520.323974609375,596.5924682617188,404.6000061035156
2025-02-03,227.2034454345703,237.4199981689453,200.57608032226562,222.0830841064453,695.8346557617188,408.6744079589844,116.63459777832031,516.1597900390625,592.57763671875,383.67999267578125
2025-02-04,231.9765167236328,242.05999755859375,205.7093505859375,225.15890502929688,702.5489501953125,410.116455078125,118.62416076660156,522.4957885742188,596.5527954101562,392.2099914550781
2025-02-05,231.64767456054688,236.1699981689453,190.70826721191406,227.609619140625,703.2274169921875,411.0314636230469,124.80281829833984,524.8668823242188,598.9714965820312,378.1700134277344
2025-02-06,232.39501953125,238.8300018310547,190.97738647460938,226.865478515625,710.3307495117188,413.547607421875,128.65196228027344,527.6065063476562,601.0533447265625,374.32000732421875
2025-02-07,226.82479858398438,229.14999389648438,184.73770141601562,224.2361602783203,712.8548583984375,407.5107727050781,129.81170654296875,520.95166015625,595.5515747070312,361.6199951171875
2025-02-10,227.0941162109375,233.13999938964844,185.86404418945312,225.24819946289062,715.7281494140625,409.96728515625,133.54090881347656,527.2578735351562,599.5960693359375,350.7300109863281
2025-02-11,232.05198669433594,232.75999450683594,184.71778869628906,223.93849182128906,718.12255859375,409.1915588378906,132.77108764648438,526.0025634765625,600.0521240234375,328.5
2025-02-12,236.29161071777344,228.92999267578125,183.01333618164062,221.87472534179688,723.6895751953125,406.8046569824219,131.11143493652344,526.3114624023438,598.1190795898438,336.510009765625
2025-02-13,240.9402313232422,230.3699951171875,185.5351104736328,224.37506103515625,726.8621826171875,408.2964782714844,135.26052856445312,533.8828125,604.4337158203125,355.94000244140625
2025-02-14,244.00274658203125,228.67999267578125,184.62808227539062,224.2063751220703,734.9533081054688,406.1979675292969,138.81976318359375,536.1243896484375,604.4039916992188,355.8399963378906
2025-02-18,243.87306213378906,226.64999389648438,183.17283630371094,225.43670654296875,714.7005615234375,407.4013977050781,139.36964416503906,537.3397216796875,606.1784057617188,354.1099853515625
2025-02-19,244.27207946777344,226.6300048828125,184.66795349121094,224.6627960205078,702.1300048828125,412.5033264160156,139.19967651367188,537.4892578125,607.6058959960938,360.55999755859375
2025-02-20,245.22975158691406,222.8800048828125,183.9602508544922,222.50973510742188,693.2207641601562,414.6857604980469,140.07948303222656,535.207763671875,605.078125,354.3999938964844
2025-02-21,244.95042419433594,216.5800018310547,179.076171875,216.1001434326172,681.95703125,406.793212890625,134.4007110595703,524.099853515625,594.7288208007812,337.79998779296875
2025-02-24,246.49664306640625,212.7100067138672,178.66751098632812,214.54241943359375,666.572998046875,402.59783935546875,130.2516326904297,517.9131469726562,592.0225219726562,330.5299987792969
2025-02-25,246.43678283691406,212.8000030517578,174.84994506835938,213.7288055419922,655.9677734375,396.51898193359375,126.60242462158203,511.3877868652344,589.0783081054688,302.79998779296875
2025-02-26,239.77310180664062,214.35000610351562,172.16868591308594,213.9967041015625,672.1300048828125,398.3426513671875,131.2514190673828,512.6231079101562,589.3756103515625,290.79998779296875
2025-02-27,236.72056579589844,208.74000549316406,167.9524383544922,210.7323760986328,656.7060546875,391.16766357421875,120.12384033203125,498.38690185546875,579.9680786132812,281.95001220703125
2025-02-28,241.24948120117188,212.27999877929688,169.72665405273438,212.9747314453125,666.642822265625,395.6121520996094,124.89279174804688,506.2572021484375,589.018798828125,292.9800109863281
2025-03-03,237.4487762451172,205.02000427246094,166.46726989746094,207.1505584716797,653.5234375,387.14166259765625,114.03515625,495.1790466308594,578.69921875,284.6499938964844
2025-03-04,235.35391235351562,203.8000030517578,170.3645782470703,204.8089599609375,638.5084838867188,387.26123046875,115.96473693847656,493.6846923828125,571.8492431640625,272.0400085449219
2025-03-05,235.1643829345703,208.36000061035156,172.457763671875,206.8429718017578,654.940185546875,399.628173828125,117.27445983886719,500.120361328125,577.995361328125,279.1000061035156
2025-03-06,234.75538635253906,200.6999969482422,171.78994750976562,203.6778564453125,626.4666137695312,395.5125427246094,110.5459213256836,486.3623962402344,567.7352905273438,263.45001220703125
2025-03-07,238.4862518310547,199.25,173.29502868652344,204.34263610839844,624.201904296875,391.9449462890625,112.66545867919922,489.9388732910156,570.9173583984375,262.6700134277344
2025-03-10,226.92454528808594,194.5399932861328,165.52139282226562,199.20306396484375,596.596435546875,378.8406066894531,106.95669555664062,470.95062255859375,555.710693359375,222.14999389648438
2025-03-11,220.30075073242188,196.58999633789062,163.6952362060547,199.1832275390625,604.2985229492188,379.12957763671875,108.73631286621094,469.8248596191406,551.0911254882812,230.5800018310547
2025-03-12,216.45018005371094,198.88999938964844,166.7587890625,199.53050231933594,618.1162109375,381.9397888183594,115.7254409790039,475.1248474121094,554.0155029296875,248.08999633789062
2025-03-13,209.16799926757812,193.88999938964844,162.41793823242188,196.5539093017578,589.2636108398438,377.45538330078125,115.56546020507812,466.5771179199219,546.6302490234375,240.67999267578125
2025-03-14,212.9687042236328,197.9499969482422,165.14219665527344,201.3065185546875,606.7233276367188,387.21142578125,121.65469360351562,477.8545227050781,557.9212646484375,249.97999572753906
2025-03-17,213.4774627685547,195.74000549316406,163.9447021484375,203.84654235839844,604.0272827148438,387.3509521484375,119.51496124267578,480.9527893066406,562.2235717773438,238.00999450683594
2025-03-18,212.17066955566406,192.82000732421875,160.3323211669922,202.0764923095703,581.5197143554688,382.18890380859375,115.41547393798828,472.7538146972656,556.1468505859375,225.30999755859375
2025-03-19,214.7144317626953,195.5399932861328,163.54556274414062,205.21884155273438,583.2173461914062,386.4740295410156,117.50520324707031,479.07989501953125,562.2037353515625,235.86000061035156
2025-03-20,213.5772247314453,194.9499969482422,162.45785522460938,203.91615295410156,585.1544799804688,385.49737548828125,118.51508331298828,477.4560546875,560.5780029296875,236.25999450683594
2025-03-21,217.73704528808594,196.2100067138672,163.64535522460938,202.65322875976562,595.3897094726562,389.9020690917969,117.68518829345703,479.0300598144531,560.762939453125,248.7100067138672
2025-03-24,220.19102478027344,203.25999450683594,167.3275909423828,207.6949462890625,617.9570922851562,391.7157287597656,121.39472961425781,489.54205322265625,570.8053588867188,278.3900146484375
2025-03-25,223.2036590576172,205.7100067138672,170.2015380859375,206.5414276123047,625.4063720703125,393.7885437011719,120.67481994628906,492.3356628417969,572.177490234375,288.1400146484375
2025-03-26,220.98907470703125,201.1300048828125,164.7130889892578,204.4431915283203,610.0984497070312,388.6165466308594,113.74568939208984,483.2763671875,565.3466796875,272.05999755859375
2025-03-27,223.3034210205078,201.36000061035156,161.89903259277344,203.46865844726562,601.7105712890625,389.2243957519531,111.41597747802734,480.52264404296875,563.8452758789062,273.1300048828125
2025-03-28,217.36793518066406,192.72000122070312,154.0056610107422,199.3318634033203,575.9078369140625,377.48529052734375,109.65619659423828,467.8715515136719,552.4904174804688,263.54998779296875
2025-03-31,221.58761596679688,190.25999450683594,154.31500244140625,198.37722778320312,575.5284423828125,374.087158203125,108.36636352539062,467.85162353515625,556.1991577148438,259.1600036621094
2025-04-01,222.64503479003906,192.1699981689453,156.73989868164062,198.3970947265625,585.1544799804688,380.8635559082031,110.13614654541016,471.62298583984375,557.7700805664062,268.4599914550781
2025-04-02,223.34332275390625,196.00999450683594,156.70994567871094,201.529541015625,583.0874633789062,380.813720703125,110.4061050415039,475.06512451171875,561.2998657226562,282.760009765625
2025-04-03,202.69384765625,178.41000366210938,150.4032440185547,188.59210205078125,530.8529663085938,371.8150329589844,101.78720092773438,449.6332092285156,533.6386108398438,267.2799987792969
2025-04-04,187.92002868652344,171.0,145.29400634765625,180.17930603027344,504.00177001953125,358.59112548828125,94.29813385009766,421.70697021484375,502.3977966308594,239.42999267578125
2025-04-07,181.0169219970703,175.25999450683594,146.4415740966797,178.54844665527344,515.505126953125,356.61798095703125,97.6277084350586,422.7246398925781,501.5029296875,233.2899932861328
2025-04-08,171.9989776611328,170.66000366210938,144.39588928222656,173.84483337402344,509.7135314941406,353.3294372558594,96.28788757324219,415.1120300292969,493.64801025390625,221.86000061035156
2025-04-09,198.3644561767578,191.10000610351562,158.37644958496094,188.6219482421875,584.9248657226562,389.13470458984375,114.31561279296875,464.938232421875,545.4906005859375,272.20001220703125
2025-04-10,189.9550323486328,181.22000122070312,152.4988250732422,180.6964111328125,545.5018310546875,380.0264587402344,107.55646514892578,445.16339111328125,521.5877685546875,252.39999389648438
2025-04-11,197.66615295410156,184.8699951171875,156.80975341796875,183.3316192626953,542.7857666015625,387.1018371582031,110.9160385131836,453.3646545410156,530.8943481445312,252.30999755859375
2025-04-14,202.02549743652344,182.1199951171875,158.73570251464844,185.489501953125,530.713134765625,386.4640197753906,110.6960678100586,456.4376525878906,536.0447387695312,252.35000610351562
2025-04-15,201.6464080810547,179.58999633789062,155.9814910888672,185.71823120117188,520.767578125,384.3912658691406,112.18588256835938,456.94647216796875,534.5433349609375,254.11000061035156
2025-04-16,193.79563903808594,174.3300018310547,153.00775146484375,183.93821716308594,501.58526611328125,370.32025146484375,104.47685241699219,443.1679382324219,522.6615600585938,241.5500030517578
2025-04-17,196.4990234375,172.61000061035156,150.84231567382812,185.43978881835938,500.7564697265625,366.5035400390625,101.47722625732422,443.088134765625,523.4072265625,241.3699951171875
2025-04-21,192.6883544921875,167.32000732421875,147.35964965820312,181.7206573486328,483.9607238769531,357.87359619140625,96.89781188964844,432.1231689453125,510.94873046875,227.5
2025-04-22,199.25228881835938,173.17999267578125,151.1516571044922,186.4242706298828,499.5581970214844,365.5469055175781,98.87755584716797,443.46728515625,524.2424926757812,237.97000122070312
2025-04-23,204.1004180908203,180.60000610351562,155.0235137939453,189.1887664794922,519.5193481445312,373.0906066894531,102.69707489013672,453.5242919921875,532.3658447265625,250.74000549316406
2025-04-24,207.8612060546875,186.5399932861328,158.9452362060547,192.97750854492188,532.3807983398438,385.9557800292969,106.4166030883789,466.28515625,543.5715942382812,259.510009765625
2025-04-25,208.76898193359375,188.99000549316406,161.61962890625,193.0371856689453,546.4804077148438,390.4900207519531,110.99604034423828,471.4833068847656,547.4990234375,284.95001220703125
2025-04-28,209.62689208984375,187.6999969482422,160.2724609375,193.8526153564453,548.9468383789062,389.8023986816406,108.71631622314453,471.3336181640625,547.7078247070312,285.8800048828125
2025-04-29,210.6942901611328,187.38999938964844,159.8234100341797,194.99618530273438,553.6400756835938,392.67242431640625,109.00627899169922,474.446533203125,551.1580200195312,292.0299987792969
2025-04-30,211.9811248779297,184.4199981689453,158.4662628173828,193.77304077148438,548.2078857421875,393.88818359375,108.90629577636719,474.38665771484375,551.3768310546875,282.1600036621094
2025-05-01,212.79913330078125,190.1999969482422,160.96099853515625,194.97630310058594,571.3843994140625,423.9235534667969,111.59595489501953,480.58251953125,555.2843627929688,280.5199890136719
2025-05-02,204.8485870361328,189.97999572753906,163.68527221679688,199.36170959472656,596.15869140625,433.769287109375,114.485595703125,487.7162170410156,563.527099609375,287.2099914550781
2025-05-05,198.40435791015625,186.35000610351562,163.86489868164062,197.83029174804688,598.4053955078125,434.65618896484375,113.80567932128906,484.82281494140625,560.295654296875,280.260009765625
2025-05-06,198.02528381347656,185.00999450683594,162.88693237304688,195.67239379882812,586.462646484375,431.8061218261719,113.52571868896484,480.3131103515625,555.6124877929688,275.3500061035156
2025-05-07,195.7707977294922,188.7100067138672,151.06185913085938,196.3187713623047,595.9489135742188,431.8459777832031,117.04527282714844,482.1988220214844,557.9490966796875,276.2200012207031
2025-05-08,197.00778198242188,192.0800018310547,153.9557647705078,200.0577850341797,597.147216796875,436.6492614746094,117.35523986816406,487.1774597167969,561.8367919921875,284.82000732421875
2025-05-09,198.0452423095703,193.05999755859375,152.42897033691406,199.68984985351562,591.6351928710938,437.20733642578125,116.63532257080078,486.8581848144531,561.1209716796875,298.260009765625
2025-05-12,210.55104064941406,208.63999938964844,158.12696838378906,206.71047973632812,638.5073852539062,447.70074462890625,122.98452758789062,506.6929016113281,579.66455078125,318.3800048828125
2025-05-13,212.68861389160156,211.3699951171875,159.19471740722656,207.46624755859375,655.08349609375,447.5812072753906,129.9136505126953,514.415283203125,583.4925537109375,334.07000732421875
2025-05-14,212.08929443359375,210.25,165.02244567871094,205.62655639648438,658.4086303710938,451.36798095703125,135.32296752929688,517.4982299804688,584.23828125,347.67999267578125
2025-05-15,211.21029663085938,205.1699981689453,163.61541748046875,206.9690399169922,642.9509887695312,452.3863220214844,134.8130340576172,518.06689453125,587.0919189453125,342.82000732421875
2025-05-16,211.0205078125,205.58999633789062,165.84072875976562,208.679443359375,639.4161376953125,453.5244445800781,135.38296508789062,520.32177734375,590.8106079101562,349.9800109863281
2025-05-19,208.54331970214844,206.16000366210938,166.1899871826172,207.80435180664062,639.5059814453125,458.11688232421875,135.55294799804688,520.8206787109375,591.4568481445312,342.0899963378906
2025-05-20,206.62550354003906,204.07000732421875,163.6353759765625,207.91372680664062,636.1807861328125,457.4180603027344,134.36309814453125,519.0845947265625,589.46826171875,343.82000732421875
2025-05-21,201.86090087890625,201.1199951171875,168.20574951171875,202.0764923095703,634.5831298828125,451.8272399902344,131.78341674804688,511.8710021972656,579.5352783203125,334.6199951171875
2025-05-22,201.13172912597656,203.10000610351562,170.51089477539062,202.06651306152344,635.6515502929688,454.11346435546875,132.81329345703125,512.828857421875,579.7639770507812,341.0400085449219
2025-05-23,195.04864501953125,200.99000549316406,168.11593627929688,201.4300994873047,626.1552734375,449.441162109375,131.2734832763672,508.0796813964844,575.806640625,339.3399963378906
2025-05-27,199.98304748535156,206.02000427246094,172.53662109375,206.5414276123047,641.3932495117188,459.93389892578125,135.48294067382812,520.0324096679688,587.7780151367188,362.8900146484375
2025-05-28,200.1927947998047,204.72000122070312,171.9977569580078,204.36363220214844,642.6514282226562,456.609375,134.7930450439453,517.7276000976562,584.37744140625,356.8999938964844
2025-05-29,199.72332763671875,205.6999969482422,171.49880981445312,204.97023010253906,644.1193237304688,457.9272155761719,139.17250061035156,518.745361328125,586.6842651367188,358.42999267578125
2025-05-30,200.622314453125,205.00999450683594,171.3790740966797,203.9261016845703,646.5557861328125,459.60443115234375,135.11300659179688,517.92724609375,586.0280151367188,346.4599914550781
2025-06-02,201.47134399414062,206.64999389648438,168.6747589111328,204.56253051757812,669.9320678710938,461.2118225097656,137.3627166748047,522.0178833007812,589.3291015625,342.69000244140625
2025-06-03,203.03956604003906,205.7100067138672,165.83074951171875,207.864013671875,665.8878173828125,462.2101745605469,141.2022247314453,526.0985107421875,592.6898193359375,344.2699890136719
2025-06-04,202.590087890625,207.22999572753906,167.69680786132812,207.2772979736328,686.9573974609375,463.1086730957031,141.9021453857422,527.5652465820312,592.5307006835938,332.04998779296875
2025-06-05,200.40257263183594,207.91000366210938,167.8564910888672,207.36679077148438,683.6322021484375,466.91241455078125,139.97239685058594,523.59423828125,589.6671142578125,284.70001220703125
2025-06-06,203.68882751464844,213.57000732421875,173.31497192382812,210.71800231933594,696.703369140625,469.6080017089844,141.70216369628906,528.7125854492188,595.722412109375,295.1400146484375
2025-06-09,201.2216339111328,216.97999572753906,175.93264770507812,212.16986083984375,693.05859375,471.97412109375,142.612060546875,529.4908447265625,596.2593383789062,308.5799865722656
2025-06-10,202.44024658203125,217.61000061035156,178.44041442871094,213.3134307861328,701.3865966796875,470.1471252441406,143.94189453125,532.9928588867188,599.6399536132812,326.0899963378906
2025-06-11,198.55465698242188,213.1999969482422,177.1915283203125,212.4383544921875,693.1384887695312,471.8443298339844,142.8219451904297,531.1968994140625,597.9297485351562,326.42999267578125
2025-06-12,198.97418212890625,213.24000549316406,175.54299926757812,211.5930938720703,692.359619140625,478.0840759277344,144.9918212890625,532.4440307617188,600.3060913085938,319.1099853515625
2025-06-13,196.227294921875,212.10000610351562,174.513916015625,207.72479248046875,681.884765625,474.18048095703125,141.9619903564453,525.7593994140625,593.5946044921875,325.30999755859375
2025-06-16,198.195068359375,216.10000610351562,176.61204528808594,210.17384338378906,701.6464233398438,478.3536376953125,144.6818389892578,533.0726318359375,599.2421875,329.1300048828125
2025-06-17,195.418212890625,214.82000732421875,175.7927703857422,207.9601287841797,696.7597045898438,477.25543212890625,144.1118621826172,527.8745727539062,594.12158203125,316.3500061035156
2025-06-18,196.35714721679688,212.52000427246094,173.16513061523438,209.0570068359375,695.3007202148438,479.4518127441406,145.47178649902344,527.78466796875,594.0321044921875,322.04998779296875
2025-06-20,200.7721405029297,209.69000244140625,166.4910888671875,208.61825561523438,681.8897094726562,476.6164855957031,143.84188842773438,525.629638671875,592.636962890625,322.1600036621094
2025-06-23,201.27157592773438,208.47000122070312,165.04238891601562,211.1710205078125,698.0588989257812,485.2023620605469,144.161865234375,531.034423828125,598.49072265625,348.67999267578125
2025-06-24,200.07293701171875,212.77000427246094,166.62098693847656,213.86337280273438,711.7196655273438,489.30560302734375,147.8916473388672,539.1549682617188,605.1024169921875,340.4700012207031
2025-06-25,201.33151245117188,211.99000549316406,170.52748107910156,211.37045288085938,708.2020263671875,491.4620666503906,154.30130004882812,540.5333251953125,605.4414672851562,327.54998779296875
2025-06-26,200.7721405029297,217.1199951171875,173.38491821289062,214.80072021484375,725.6002807617188,496.6335754394531,155.01126098632812,545.5874633789062,610.1783447265625,325.7799987792969
2025-06-27,200.85205078125,223.3000030517578,178.37046813964844,214.87051391601562,733.1351928710938,495.1260681152344,157.74110412597656,547.4553833007812,613.2098999023438,323.6300048828125
2025-06-30,204.93740844726562,219.38999938964844,176.07252502441406,215.1796417236328,737.5922241210938,496.5936584472656,157.98109436035156,551.001220703125,616.1417846679688,317.6600036621094
2025-07-01,207.58441162109375,220.4600067138672,175.682861328125,217.3933563232422,718.73486328125,491.242431640625,153.29136657714844,546.3566284179688,615.9423828125,300.7099914550781
2025-07-02,212.1991729736328,219.9199981689453,178.48036193847656,220.40481567382812,713.0886840820312,490.2840270996094,157.2411346435547,550.1621704101562,618.734619140625,315.6499938964844
2025-07-03,213.30792236328125,223.41000366210938,179.36956787109375,222.4490203857422,718.5250244140625,498.02130126953125,159.3310089111328,555.575927734375,623.611083984375,315.3500061035156
2025-07-07,209.7119903564453,223.47000122070312,176.63201904296875,219.10848999023438,717.865478515625,496.90313720703125,158.2310791015625,551.3908081054688,618.9639892578125,293.94000244140625
2025-07-08,209.7719268798828,219.36000061035156,174.20419311523438,220.62420654296875,720.1838989257812,495.804931640625,159.99098205566406,551.700439453125,618.6249389648438,297.80999755859375
2025-07-09,210.90065002441406,222.5399932861328,176.46217346191406,223.0174102783203,732.2857666015625,502.68365478515625,162.87081909179688,555.6058959960938,622.3345947265625,295.8800048828125
2025-07-10,212.16920471191406,222.25999450683594,177.46127319335938,224.16415405273438,726.7494506835938,500.656982421875,164.09075927734375,554.8068237304688,624.0897827148438,309.8699951171875
2025-07-11,210.92062377929688,225.02000427246094,180.02899169921875,221.0729217529297,717.0260620117188,502.49395751953125,164.91070556640625,553.5582885742188,621.8958129882812,313.510009765625
2025-07-14,208.3834991455078,225.69000244140625,181.3977508544922,222.5587158203125,720.4337158203125,502.1944274902344,164.06076049804688,555.5659790039062,623.08251953125,316.8999938964844
2025-07-15,208.87295532226562,226.35000610351562,181.83737182617188,218.20108032226562,709.910888671875,504.9898376464844,170.69036865234375,556.0753173828125,620.419921875,310.7799987792969
2025-07-16,209.92176818847656,223.19000244140625,182.80650329589844,220.3948516845703,702.4358520507812,504.7901611328125,171.36033630371094,556.6446533203125,622.494140625,321.6700134277344
2025-07-17,209.78192138671875,223.8800048828125,183.41595458984375,223.28665161132812,700.9368896484375,510.8601989746094,172.99024963378906,561.1494750976562,626.3035888671875,319.4100036621094
2025-07-18,210.9405975341797,226.1300048828125,184.89462280273438,221.70114135742188,703.8049926757812,509.212890625,172.40028381347656,560.610107421875,625.8449096679688,329.6499938964844
2025-07-21,212.23912048339844,229.3000030517578,189.9301300048828,220.80368041992188,712.4890747070312,509.2228698730469,171.37034606933594,563.5167236328125,627.0316162109375,328.489990234375
2025-07-22,214.15695190429688,227.47000122070312,191.1690216064453,222.63848876953125,704.3345947265625,504.44073486328125,167.0205841064453,560.60009765625,627.121337890625,332.1099853515625
2025-07-23,213.9072265625,228.2899932861328,190.0600128173828,226.03883361816406,713.0986938476562,505.0397644042969,170.77037048339844,563.1571655273438,632.4566040039062,332.55999755859375
2025-07-24,213.51766967773438,232.22999572753906,191.99827575683594,222.91769409179688,714.31787109375,510.0415344238281,173.73020935058594,564.3557739257812,632.6659545898438,305.29998779296875
2025-07-25,213.63754272460938,231.44000244140625,193.0073699951172,223.74534606933594,712.1992797851562,512.866943359375,173.49021911621094,565.7141723632812,635.3385620117188,316.05999755859375
2025-07-28,213.80735778808594,232.7899932861328,192.4079132080078,223.486083984375,717.14599609375,511.65887451171875,176.7400360107422,567.4821166992188,635.1790161132812,325.5899963378906
2025-07-29,211.03050231933594,231.00999450683594,195.5750732421875,222.0601348876953,699.52783203125,511.728759765625,175.50009155273438,566.6031494140625,633.503662109375,321.20001220703125
2025-07-30,208.81301879882812,230.19000244140625,196.35438537597656,220.93331909179688,694.7410888671875,512.3976440429688,179.25990295410156,567.3623046875,632.7058715820312,319.0400085449219
2025-07-31,207.33470153808594,234.11000061035156,191.728515625,218.7694549560547,772.9183349609375,532.6243896484375,177.85997009277344,564.3557739257812,630.3324584960938,308.2699890136719
2025-08-01,202.1505889892578,214.75,188.96099853515625,214.31210327148438,749.504150390625,523.2498168945312,173.710205078125,553.2386474609375,620.0010375976562,302.6300048828125
2025-08-04,203.11949157714844,211.64999389648438,194.86570739746094,219.10848999023438,775.8463745117188,534.7609252929688,179.98985290527344,563.44677734375,629.4249267578125,309.260009765625
2025-08-05,202.68995666503906,213.75,194.4960479736328,220.225341796875,762.945068359375,526.8838500976562,178.24993896484375,559.6212768554688,626.2337646484375,308.7200012207031
2025-08-06,213.0082550048828,222.30999755859375,195.91476440429688,219.93614196777344,771.4692993164062,524.0784912109375,179.40988159179688,566.6630859375,631.030517578125,319.9100036621094
2025-08-07,219.7805633544922,223.1300048828125,196.34439086914062,219.2181854248047,761.316162109375,519.9852294921875,180.7598114013672,568.5808715820312,630.501953125,322.2699890136719
2025-08-08,229.0900115966797,222.69000244140625,201.24000549316406,219.69683837890625,768.7811279296875,521.1832275390625,182.689697265625,573.8847045898438,635.4183349609375,329.6499938964844
2025-08-11,227.17999267578125,221.3000030517578,200.8203887939453,219.64697265625,765.3534545898438,520.9136962890625,182.0497283935547,572.1866455078125,634.1618041992188,339.0299987792969
2025-08-12,229.64999389648438,221.47000122070312,203.15829467773438,226.16847229003906,789.4671630859375,528.3713989257812,183.14967346191406,579.3782958984375,640.9131469726562,340.8399963378906
2025-08-13,233.3300018310547,224.55999755859375,201.779541015625,230.5659942626953,779.5538940429688,519.7256469726562,181.5797576904297,579.6680297851562,643.1070556640625,339.3800048828125
2025-08-14,232.77999877929688,230.97999572753906,202.75865173339844,227.5944366455078,781.6024780273438,521.6224975585938,182.00973510742188,579.2185668945312,643.1668701171875,335.5799865722656
2025-08-15,231.58999633789062,231.02999877929688,203.71778869628906,226.48757934570312,784.7003784179688,519.3162841796875,180.4398193359375,576.6715087890625,641.6610717773438,330.55999755859375
2025-08-18,230.88999938964844,231.49000549316406,203.3181610107422,227.3152313232422,766.8524169921875,516.2512817382812,181.99972534179688,576.4417114257812,641.5214233398438,335.1600036621094
2025-08-19,230.55999755859375,228.00999450683594,201.389892578125,225.57017517089844,750.97314453125,508.933349609375,175.63009643554688,568.620849609375,638.0410766601562,329.30999755859375
2025-08-20,226.00999450683594,223.80999755859375,199.1418914794922,224.77243041992188,747.2156372070312,504.8900146484375,175.39010620117188,565.2447509765625,636.3457641601562,323.8999938964844
2025-08-21,224.89999389648438,221.9499969482422,199.57150268554688,225.3308563232422,738.6014404296875,504.239990234375,174.97012329101562,562.6278076171875,633.7928466796875,320.1099853515625
2025-08-22,227.75999450683594,228.83999633789062,205.9058380126953,234.16578674316406,754.2808837890625,507.2300109863281,177.97996520996094,571.3076782226562,643.52587890625,340.010009765625
2025-08-25,227.16000366210938,227.94000244140625,208.30369567871094,231.70277404785156,752.7918701171875,504.260009765625,179.79986572265625,569.6596069335938,640.6936645507812,346.6000061035156
2025-08-26,229.30999755859375,228.7100067138672,206.95489501953125,233.61734008789062,753.5913696289062,502.0400085449219,181.75975036621094,571.9469604492188,643.3762817382812,351.6700134277344
2025-08-27,230.49000549316406,229.1199951171875,207.29458618164062,235.27264404296875,746.8759155273438,506.739990234375,181.5897674560547,572.825927734375,644.8422241210938,349.6000061035156
2025-08-28,232.55999755859375,231.60000610351562,211.4508819580078,235.55186462402344,750.6033935546875,509.6400146484375,180.1598358154297,576.4118041992188,647.1258544921875,345.9800109863281
2025-08-29,232.13999938964844,229.0,212.71974182128906,234.50482177734375,738.2017822265625,506.69000244140625,174.170166015625,569.7395629882812,643.2666015625,333.8699951171875
2025-09-02,229.72000122070312,225.33999633789062,211.16114807128906,233.23841857910156,734.6141357421875,505.1199951171875,170.77037048339844,564.9650268554688,638.4998168945312,329.3599853515625
2025-09-03,238.47000122070312,225.99000549316406,230.45388793945312,233.00906372070312,736.5528564453125,505.3500061035156,170.61038208007812,569.409912109375,641.960205078125,334.0899963378906
2025-09-04,239.77999877929688,235.67999267578125,232.09242248535156,235.92080688476562,748.1450805664062,507.9700012207031,171.65032958984375,574.5639038085938,647.3253173828125,338.5299987792969
2025-09-05,239.69000244140625,232.3300018310547,234.79000854492188,237.09747314453125,751.9425048828125,495.0,167.01058959960938,575.3929443359375,645.4505004882812,350.8399963378906
2025-09-08,237.8800048828125,235.83999633789062,234.0399932861328,237.57611083984375,751.7925415039062,498.20001220703125,168.30050659179688,578.19970703125,647.0361328125,346.3999938964844
2025-09-09,234.35000610351562,238.24000549316406,239.6300048828125,236.18008422851562,765.1835327148438,498.4100036621094,170.7503662109375,579.8378295898438,648.531982421875,346.9700012207031
2025-09-10,226.7899932861328,230.3300018310547,239.1699981689453,235.76126098632812,751.4727783203125,500.3699951171875,177.32000732421875,580.027587890625,650.4067993164062,347.7900085449219
2025-09-11,230.02999877929688,229.9499969482422,240.3699951171875,240.11891174316406,750.3935546875,501.010009765625,177.1699981689453,583.4036865234375,655.8118286132812,368.80999755859375
2025-09-12,234.07000732421875,228.14999389648438,240.8000030517578,237.66586303710938,755.0803833007812,509.8999938964844,177.82000732421875,585.9806518554688,655.5924072265625,395.94000244140625
2025-09-15,236.6999969482422,231.42999267578125,251.61000061035156,238.67300415039062,764.1842041015625,515.3599853515625,177.75,590.994873046875,659.0827026367188,410.0400085449219
2025-09-16,238.14999389648438,234.0500030517578,251.16000366210938,238.27999877929688,778.4745483398438,509.0400085449219,174.8800048828125,590.4954223632812,658.1752319335938,421.6199951171875
2025-09-17,238.99000549316406,231.6199951171875,249.52999877929688,238.88999938964844,775.19677734375,510.0199890136719,170.2899932861328,589.3168334960938,657.3575439453125,425.8599853515625
2025-09-18,237.8800048828125,231.22999572753906,252.02999877929688,244.83999633789062,779.7237548828125,508.45001220703125,176.24000549316406,594.6306762695312,660.4290161132812,416.8500061035156
2025-09-19,245.5,231.47999572753906,254.72000122070312,242.97999572753906,777.85498046875,517.9299926757812,176.6699981689453,598.6559448242188,663.7000122070312,426.07000732421875
2025-09-22,256.0799865722656,227.6300048828125,252.52999877929688,244.38999938964844,765.1599731445312,514.4500122070312,183.61000061035156,602.2000122070312,666.8400268554688,434.2099914550781
2025-09-23,254.42999267578125,220.7100067138672,251.66000366210938,243.83999633789062,755.4000244140625,509.2300109863281,178.42999267578125,598.2000122070312,663.2100219726562,425.8500061035156
2025-09-24,252.30999755859375,220.2100067138672,247.13999938964844,241.60000610351562,760.6599731445312,510.1499938964844,176.97000122070312,596.0999755859375,661.0999755859375,442.7900085449219
2025-09-25,256.8699951171875,218.14999389648438,245.7899932861328,239.2899932861328,748.9099731445312,507.0299987792969,177.69000244140625,593.530029296875,658.0499877929688,423.3900146484375
2025-09-26,255.4600067138672,219.77999877929688,246.5399932861328,241.33999633789062,743.75,511.4599914550781,178.19000244140625,595.969970703125,661.8200073242188,440.3999938964844
2025-09-29,254.42999267578125,222.1699981689453,244.0500030517578,241.6199951171875,743.4000244140625,514.5999755859375,181.85000610351562,598.72998046875,663.6799926757812,443.2099914550781
2025-09-30,254.6300048828125,219.57000732421875,243.10000610351562,241.9600067138672,734.3800048828125,517.9500122070312,186.5800018310547,600.3699951171875,666.1799926757812,444.7200012207031
2025-10-01,255.4499969482422,220.6300048828125,244.89999389648438,242.49000549316406,717.3400268554688,519.7100219726562,187.24000549316406,603.25,668.4500122070312,459.4599914550781
2025-10-02,257.1300048828125,222.41000366210938,245.69000244140625,244.02000427246094,727.0499877929688,515.739990234375,188.88999938964844,605.72998046875,669.219970703125,436.0
2025-10-03,258.0199890136719,219.50999450683594,245.35000610351562,245.8300018310547,710.5599975585938,517.3499755859375,187.6199951171875,603.1799926757812,669.2100219726562,429.8299865722656
2025-10-06,256.69000244140625,220.89999389648438,250.42999267578125,246.80999755859375,715.6599731445312,528.5700073242188,185.5399932861328,607.7100219726562,671.6099853515625,453.25
2025-10-07,256.4800109863281,221.77999877929688,245.75999450683594,244.16000366210938,713.0800170898438,523.97998046875,185.0399932861328,604.510009765625,669.1199951171875,433.0899963378906
2025-10-08,258.05999755859375,225.22000122070312,244.6199951171875,246.72000122070312,717.8400268554688,524.8499755859375,189.11000061035156,611.4400024414062,673.1099853515625,438.69000244140625
2025-10-09,254.0399932861328,227.74000549316406,241.52999877929688,245.1300048828125,733.510009765625,522.4000244140625,192.57000732421875,610.7000122070312,671.1599731445312,435.5400085449219
2025-10-10,245.27000427246094,216.3699951171875,236.57000732421875,237.7899932861328,705.2999877929688,510.9599914550781,183.16000366210938,589.5,653.02001953125,413.489990234375
2025-10-13,247.66000366210938,220.07000732421875,244.14999389648438,244.41000366210938,715.7000122070312,514.0499877929688,188.32000732421875,602.010009765625,663.0399780273438,435.8999938964844
2025-10-14,247.77000427246094,216.38999938964844,245.4499969482422,247.89999389648438,708.6500244140625,513.5700073242188,180.02999877929688,598.0,662.22998046875,429.239990234375
2025-10-15,249.33999633789062,215.57000732421875,251.02999877929688,250.3300018310547,717.5499877929688,513.4299926757812,179.8300018310547,602.219970703125,665.1699829101562,435.1499938964844
2025-10-16,247.4499969482422,214.47000122070312,251.4600067138672,245.05999755859375,712.0700073242188,511.6099853515625,181.80999755859375,599.989990234375,660.6400146484375,428.75
2025-10-17,252.2899932861328,213.0399932861328,253.3000030517578,243.41000366210938,716.9199829101562,513.5800170898438,183.22000122070312,603.9299926757812,664.3900146484375,439.30999755859375
2025-10-20,262.239990234375,216.47999572753906,256.54998779296875,248.16000366210938,732.1699829101562,516.7899780273438,182.63999938964844,611.5399780273438,671.2999877929688,447.42999267578125
2025-10-21,262.7699890136719,222.02999877929688,250.4600067138672,246.99000549316406,733.27001953125,517.6599731445312,181.16000366210938,611.3800048828125,671.2899780273438,442.6000061035156
2025-10-22,258.45001220703125,217.9499969482422,251.69000244140625,243.33999633789062,733.4099731445312,520.5399780273438,180.27999877929688,605.489990234375,667.7999877929688,438.9700012207031
2025-10-23,259.5799865722656,221.08999633789062,253.0800018310547,246.4199981689453,734.0,520.5599975585938,182.16000366210938,610.5800170898438,671.760009765625,448.9800109863281
2025-10-24,262.82000732421875,224.2100067138672,259.9200134277344,249.42999267578125,738.3599853515625,523.6099853515625,186.25999450683594,617.0999755859375,677.25,433.7200012207031
2025-10-27,268.80999755859375,226.97000122070312,269.2699890136719,250.3000030517578,750.8200073242188,531.52001953125,191.49000549316406,628.0900268554688,685.239990234375,452.4200134277344
