Date,AAPL,SPY
2024-10-28,232.31878662109375,573.8533935546875
2024-10-29,232.58753967285156,574.7821044921875
2024-10-30,229.03407287597656,573.0432739257812
2024-10-31,224.8634796142578,561.809814453125
2024-11-01,221.8773651123047,564.1809692382812
2024-11-04,220.98153686523438,562.9656982421875
2024-11-05,222.4148712158203,569.7730102539062
2024-11-06,221.68824768066406,583.9407348632812
2024-11-07,226.4262237548828,588.455810546875
2024-11-08,226.15716552734375,591.0048217773438
2024-11-11,223.4368133544922,591.5679931640625
2024-11-12,223.4368133544922,589.7303466796875
2024-11-13,224.3236541748047,590.016845703125
2024-11-14,227.41270446777344,586.2229614257812
2024-11-15,224.2041015625,578.7142333984375
2024-11-18,227.21340942382812,581.08544921875
2024-11-19,227.4724884033203,583.2095947265625
2024-11-20,228.18994140625,583.4071655273438
2024-11-21,227.71165466308594,586.5391235351562
2024-11-22,229.05686950683594,588.3570556640625
2024-11-25,232.04624938964844,590.3528442382812
2024-11-26,234.228515625,593.4353637695312
2024-11-27,234.0989532470703,591.6371459960938
2024-11-29,236.490478515625,595.3124389648438
2024-12-02,238.74246215820312,596.3795166015625
2024-12-03,241.79165649414062,596.6561279296875
2024-12-04,242.150390625,600.3610229492188
2024-12-05,242.18026733398438,599.3731079101562
2024-12-06,241.98097229003906,600.5093383789062
2024-12-09,245.8771514892578,597.4168701171875
2024-12-10,246.8935546875,595.5594482421875
2024-12-11,245.6180877685547,600.1635131835938
2024-12-12,247.08287048339844,597.0711059570312
2024-12-13,247.2522735595703,596.9525146484375
2024-12-16,250.1519775390625,599.5015258789062
2024-12-17,252.58334350585938,597.0315551757812
2024-12-18,247.1725616455078,579.2379150390625
2024-12-19,248.90640258789062,579.0599975585938
2024-12-20,253.58978271484375,586.01513671875
2024-12-23,254.3670196533203,589.5243530273438
2024-12-24,257.28668212890625,596.076904296875
2024-12-26,258.1037292480469,596.11669921875
2024-12-27,254.6858673095703,589.8416137695312
2024-12-30,251.30787658691406,583.1105346679688
2024-12-31,249.5341796875,580.9891357421875
2025-01-02,242.98741149902344,579.5616455078125
2025-01-03,242.49916076660156,586.8081665039062
2025-01-06,244.1333465576172,590.1885375976562
2025-01-07,241.3532257080078,583.5169677734375
2025-01-08,241.84149169921875,584.3695068359375
2025-01-10,236.01219177246094,575.4476928710938
2025-01-13,233.5708465576172,576.3399047851562
2025-01-14,232.45480346679688,577.1329345703125
2025-01-15,237.028564453125,587.6309814453125
2025-01-16,227.4525604248047,586.5008544921875
2025-01-17,229.1664581298828,592.3892822265625
2025-01-21,221.85243225097656,597.811767578125
2025-01-22,223.03823852539062,601.1723022460938
2025-01-23,222.86883544921875,604.4535522460938
2025-01-24,221.991943359375,602.68896484375
2025-01-27,229.04690551757812,594.1637573242188
2025-01-28,237.4171905517578,599.2689819335938
2025-01-29,238.5133056640625,596.5825805664062
2025-01-30,236.7495574951172,599.7844848632812
2025-01-31,235.16519165039062,596.5924072265625
2025-02-03,227.2034454345703,592.57763671875
2025-02-04,231.97650146484375,596.5527954101562
2025-02-05,231.64767456054688,598.9715576171875
2025-02-06,232.39501953125,601.0533447265625
2025-02-07,226.82479858398438,595.5515747070312
2025-02-10,227.0941162109375,599.5960693359375
2025-02-11,232.052001953125,600.0521850585938
2025-02-12,236.29161071777344,598.1190795898438
2025-02-13,240.94024658203125,604.4337158203125
2025-02-14,244.00274658203125,604.4039916992188
2025-02-18,243.87306213378906,606.1784057617188
2025-02-19,244.27207946777344,607.6058959960938
2025-02-20,245.229736328125,605.078125
2025-02-21,244.95042419433594,594.728759765625
2025-02-24,246.49664306640625,592.0224609375
2025-02-25,246.43678283691406,589.0782470703125
2025-02-26,239.77308654785156,589.3756713867188
2025-02-27,236.72056579589844,579.9680786132812
2025-02-28,241.24948120117188,589.0187377929688
2025-03-03,237.4487762451172,578.69921875
2025-03-04,235.35391235351562,571.8493041992188
2025-03-05,235.1643829345703,577.995361328125
2025-03-06,234.75538635253906,567.7352905273438
2025-03-07,238.4862518310547,570.9173583984375
2025-03-10,226.92454528808594,555.710693359375
2025-03-11,220.30076599121094,551.0911254882812
2025-03-12,216.45018005371094,554.0155639648438
2025-03-13,209.1680145263672,546.6301879882812
2025-03-14,212.96871948242188,557.9212646484375
2025-03-17,213.4774627685547,562.2236328125
2025-03-18,212.170654296875,556.1468505859375
2025-03-19,214.7144317626953,562.2037963867188
2025-03-20,213.5772247314453,560.5780029296875
2025-03-21,217.73703002929688,560.762939453125
2025-03-24,220.19102478027344,570.8053588867188
2025-03-25,223.2036590576172,572.177490234375
2025-03-26,220.9890594482422,565.3466796875
2025-03-27,223.30340576171875,563.8452758789062
2025-03-28,217.36793518066406,552.4904174804688
2025-03-31,221.58761596679688,556.1991577148438
2025-04-01,222.64501953125,557.7700805664062
2025-04-02,223.3433074951172,561.2999267578125
2025-04-03,202.69386291503906,533.6385498046875
2025-04-04,187.92002868652344,502.3977966308594
2025-04-07,181.0169219970703,501.5029296875
2025-04-08,171.99899291992188,493.64801025390625
2025-04-09,198.3644561767578,545.4906005859375
2025-04-10,189.95504760742188,521.5877075195312
2025-04-11,197.66615295410156,530.894287109375
2025-04-14,202.02549743652344,536.0447387695312
2025-04-15,201.64642333984375,534.5433349609375
2025-04-16,193.79563903808594,522.6614990234375
2025-04-17,196.4990234375,523.4072265625
2025-04-21,192.68833923339844,510.94873046875
2025-04-22,199.25228881835938,524.2424926757812
2025-04-23,204.10043334960938,532.3658447265625
2025-04-24,207.8612060546875,543.5715942382812
2025-04-25,208.76898193359375,547.4990844726562
2025-04-28,209.62689208984375,547.7078247070312
2025-04-29,210.69427490234375,551.1580810546875
2025-04-30,211.9811248779297,551.3768310546875
2025-05-01,212.79913330078125,555.2843627929688
2025-05-02,204.8485870361328,563.527099609375
2025-05-05,198.40435791015625,560.2955932617188
2025-05-06,198.0252685546875,555.6124877929688
2025-05-07,195.7707977294922,557.9490966796875
2025-05-08,197.00778198242188,561.8367919921875
2025-05-09,198.0452423095703,561.1209106445312
2025-05-12,210.55104064941406,579.66455078125
2025-05-13,212.68861389160156,583.4926147460938
2025-05-14,212.08929443359375,584.2383422851562
2025-05-15,211.21029663085938,587.0919189453125
2025-05-16,211.0205078125,590.810546875
2025-05-19,208.54331970214844,591.4568481445312
2025-05-20,206.62550354003906,589.46826171875
2025-05-21,201.86090087890625,579.5352783203125
2025-05-22,201.13172912597656,579.7639770507812
2025-05-23,195.04864501953125,575.806640625
2025-05-27,199.98304748535156,587.7780151367188
2025-05-28,200.1927947998047,584.3775024414062
2025-05-29,199.72332763671875,586.6842651367188
2025-05-30,200.622314453125,586.028076171875
2025-06-02,201.47134399414062,589.3291015625
2025-06-03,203.03956604003906,592.6898193359375
2025-06-04,202.590087890625,592.5307006835938
2025-06-05,200.40257263183594,589.6671142578125
2025-06-06,203.68882751464844,595.722412109375
2025-06-09,201.2216339111328,596.2593383789062
2025-06-10,202.44024658203125,599.639892578125
2025-06-11,198.55465698242188,597.9297485351562
2025-06-12,198.97418212890625,600.3060913085938
2025-06-13,196.227294921875,593.5946044921875
2025-06-16,198.195068359375,599.2421875
2025-06-17,195.418212890625,594.1216430664062
2025-06-18,196.35714721679688,594.0321044921875
2025-06-20,200.7721405029297,592.636962890625
2025-06-23,201.27157592773438,598.49072265625
2025-06-24,200.07293701171875,605.1024169921875
2025-06-25,201.33151245117188,605.4414672851562
2025-06-26,200.7721405029297,610.1783447265625
2025-06-27,200.85205078125,613.2098999023438
2025-06-30,204.93740844726562,616.1417846679688
2025-07-01,207.58441162109375,615.9423828125
2025-07-02,212.1991729736328,618.734619140625
2025-07-03,213.30792236328125,623.611083984375
2025-07-07,209.7119903564453,618.9639892578125
2025-07-08,209.7719268798828,618.6249389648438
2025-07-09,210.90065002441406,622.3345947265625
2025-07-10,212.16920471191406,624.0897827148438
2025-07-11,210.92062377929688,621.8958129882812
2025-07-14,208.3834991455078,623.08251953125
2025-07-15,208.87295532226562,620.419921875
2025-07-16,209.92176818847656,622.494140625
2025-07-17,209.78192138671875,626.3035888671875
2025-07-18,210.9405975341797,625.8449096679688
2025-07-21,212.23912048339844,627.0316162109375
2025-07-22,214.15695190429688,627.121337890625
2025-07-23,213.9072265625,632.4566040039062
2025-07-24,213.51766967773438,632.6659545898438
2025-07-25,213.63754272460938,635.3385620117188
2025-07-28,213.80735778808594,635.1790161132812
2025-07-29,211.03050231933594,633.503662109375
2025-07-30,208.81301879882812,632.7058715820312
2025-07-31,207.33470153808594,630.3324584960938
2025-08-01,202.1505889892578,620.0010375976562
2025-08-04,203.11949157714844,629.4249267578125
2025-08-05,202.68995666503906,626.2337646484375
2025-08-06,213.0082550048828,631.030517578125
2025-08-07,219.7805633544922,630.501953125
2025-08-08,229.0900115966797,635.4183349609375
2025-08-11,227.17999267578125,634.1618041992188
2025-08-12,229.64999389648438,640.9131469726562
2025-08-13,233.3300018310547,643.1070556640625
2025-08-14,232.77999877929688,643.1668701171875
2025-08-15,231.58999633789062,641.6610717773438
2025-08-18,230.88999938964844,641.5214233398438
2025-08-19,230.55999755859375,638.0410766601562
2025-08-20,226.00999450683594,636.3457641601562
2025-08-21,224.89999389648438,633.7928466796875
2025-08-22,227.75999450683594,643.52587890625
2025-08-25,227.16000366210938,640.6936645507812
2025-08-26,229.30999755859375,643.3762817382812
2025-08-27,230.49000549316406,644.8422241210938
2025-08-28,232.55999755859375,647.1258544921875
2025-08-29,232.13999938964844,643.2666015625
2025-09-02,229.72000122070312,638.4998168945312
2025-09-03,238.47000122070312,641.960205078125
2025-09-04,239.77999877929688,647.3253173828125
2025-09-05,239.69000244140625,645.4505004882812
2025-09-08,237.8800048828125,647.0361328125
2025-09-09,234.35000610351562,648.531982421875
2025-09-10,226.7899932861328,650.4067993164062
2025-09-11,230.02999877929688,655.8118286132812
2025-09-12,234.07000732421875,655.5924072265625
2025-09-15,236.6999969482422,659.0827026367188
2025-09-16,238.14999389648438,658.1752319335938
2025-09-17,238.99000549316406,657.3575439453125
2025-09-18,237.8800048828125,660.4290161132812
2025-09-19,245.5,663.7000122070312
2025-09-22,256.0799865722656,666.8400268554688
2025-09-23,254.42999267578125,663.2100219726562
2025-09-24,252.30999755859375,661.0999755859375
2025-09-25,256.8699951171875,658.0499877929688
2025-09-26,255.4600067138672,661.8200073242188
2025-09-29,254.42999267578125,663.6799926757812
2025-09-30,254.6300048828125,666.1799926757812
2025-10-01,255.4499969482422,668.4500122070312
2025-10-02,257.1300048828125,669.219970703125
2025-10-03,258.0199890136719,669.2100219726562
2025-10-06,256.69000244140625,671.6099853515625
2025-10-07,256.4800109863281,669.1199951171875
2025-10-08,258.05999755859375,673.1099853515625
2025-10-09,254.0399932861328,671.1599731445312
2025-10-10,245.27000427246094,653.02001953125
2025-10-13,247.66000366210938,663.0399780273438
2025-10-14,247.77000427246094,662.22998046875
2025-10-15,249.33999633789062,665.1699829101562
2025-10-16,247.4499969482422,660.6400146484375
2025-10-17,252.2899932861328,664.3900146484375
2025-10-20,262.239990234375,671.2999877929688
2025-10-21,262.7699890136719,671.2899780273438
2025-10-22,258.45001220703125,667.7999877929688
2025-10-23,259.5799865722656,671.760009765625
2025-10-24,262.82000732421875,677.25
2025-10-27,268.80999755859375,685.239990234375
