Date,AAPL,MSFT
2024-10-28,232.3187713623047,423.4112243652344
2024-10-29,232.5875244140625,428.7312927246094
2024-10-30,229.03407287597656,429.3069763183594
2024-10-31,224.86349487304688,403.3220520019531
2024-11-01,221.8773956298828,407.3121032714844
2024-11-04,220.98153686523438,405.41632080078125
2024-11-05,222.41485595703125,408.3939514160156
2024-11-06,221.68826293945312,417.0489807128906
2024-11-07,226.4261932373047,422.2598571777344
2024-11-08,226.15716552734375,419.3913879394531
2024-11-11,223.43682861328125,414.8951721191406
2024-11-12,223.43682861328125,419.87774658203125
2024-11-13,224.32366943359375,422.0315856933594
2024-11-14,227.41270446777344,423.7090148925781
2024-11-15,224.20408630371094,411.9075927734375
2024-11-18,227.21340942382812,412.66192626953125
2024-11-19,227.4724884033203,414.67681884765625
2024-11-20,228.18994140625,412.3939208984375
2024-11-21,227.71163940429688,410.61370849609375
2024-11-22,229.05686950683594,414.7211608886719
2024-11-25,232.04624938964844,416.5013732910156
2024-11-26,234.22850036621094,425.6510925292969
2024-11-27,234.09896850585938,420.67840576171875
2024-11-29,236.490478515625,421.1458435058594
2024-12-02,238.7424774169922,428.624755859375
2024-12-03,241.79165649414062,428.8435363769531
2024-12-04,242.15037536621094,435.0295715332031
2024-12-05,242.18028259277344,440.2011413574219
2024-12-06,241.98098754882812,441.1459655761719
2024-12-09,245.8771514892578,443.5825500488281
2024-12-10,246.8935546875,440.9072570800781
2024-12-11,245.61807250976562,446.5363464355469
2024-12-12,247.08290100097656,447.1032409667969
2024-12-13,247.2522735595703,444.8257141113281
2024-12-16,250.1519775390625,449.12213134765625
2024-12-17,252.58334350585938,451.9764099121094
2024-12-18,247.1725616455078,434.9997253417969
2024-12-19,248.90640258789062,434.6416931152344
2024-12-20,253.58978271484375,434.2140808105469
2024-12-23,254.36703491210938,432.8714294433594
2024-12-24,257.2866516113281,436.9291076660156
2024-12-26,258.1037292480469,435.7157897949219
2024-12-27,254.68588256835938,428.17718505859375
2024-12-30,251.30787658691406,422.50836181640625
2024-12-31,249.5341796875,419.1965637207031
2025-01-02,242.9874267578125,416.2925109863281
2025-01-03,242.4991455078125,421.0364685058594
2025-01-06,244.1333465576172,425.5118713378906
2025-01-07,241.3532257080078,420.0617980957031
2025-01-08,241.8414764404297,422.23980712890625
2025-01-10,236.01217651367188,416.6605224609375
2025-01-13,233.5708465576172,414.9101257324219
2025-01-14,232.45480346679688,413.3984375
2025-01-15,237.028564453125,423.9802551269531
2025-01-16,227.45257568359375,422.25970458984375
2025-01-17,229.16647338867188,426.6853942871094
2025-01-21,221.85244750976562,426.1583251953125
2025-01-22,223.03822326660156,443.7615966796875
2025-01-23,222.8688507080078,444.2687683105469
2025-01-24,221.991943359375,441.6332702636719
2025-01-27,229.04690551757812,432.1852111816406
2025-01-28,237.41717529296875,444.7561340332031
2025-01-29,238.5133056640625,439.9127197265625
2025-01-30,236.7495574951172,412.7221374511719
2025-01-31,235.16519165039062,412.791748046875
2025-02-03,227.2034454345703,408.6744079589844
2025-02-04,231.9765167236328,410.116455078125
2025-02-05,231.64767456054688,411.0314636230469
2025-02-06,232.39501953125,413.5475769042969
2025-02-07,226.82479858398438,407.5107727050781
2025-02-10,227.0941162109375,409.96728515625
2025-02-11,232.05198669433594,409.1915588378906
2025-02-12,236.29161071777344,406.8046569824219
2025-02-13,240.9402313232422,408.29644775390625
2025-02-14,244.00274658203125,406.1979675292969
2025-02-18,243.87306213378906,407.4013977050781
2025-02-19,244.27207946777344,412.5033264160156
2025-02-20,245.22975158691406,414.6857604980469
2025-02-21,244.95042419433594,406.793212890625
2025-02-24,246.49664306640625,402.59783935546875
2025-02-25,246.43678283691406,396.5190124511719
2025-02-26,239.77310180664062,398.3426818847656
2025-02-27,236.72056579589844,391.1676330566406
2025-02-28,241.24948120117188,395.6121520996094
2025-03-03,237.4487762451172,387.14166259765625
2025-03-04,235.35391235351562,387.26123046875
2025-03-05,235.1643829345703,399.628173828125
2025-03-06,234.75538635253906,395.5125427246094
2025-03-07,238.4862518310547,391.9449462890625
2025-03-10,226.92454528808594,378.840576171875
2025-03-11,220.30075073242188,379.1296081542969
2025-03-12,216.45018005371094,381.9397888183594
2025-03-13,209.16799926757812,377.45538330078125
2025-03-14,212.9687042236328,387.21142578125
2025-03-17,213.4774627685547,387.3509521484375
2025-03-18,212.17066955566406,382.1889343261719
2025-03-19,214.7144317626953,386.4739990234375
2025-03-20,213.5772247314453,385.4974060058594
2025-03-21,217.73704528808594,389.9020690917969
2025-03-24,220.19102478027344,391.7157287597656
2025-03-25,223.2036590576172,393.7885437011719
2025-03-26,220.98907470703125,388.6165466308594
2025-03-27,223.3034210205078,389.2243957519531
2025-03-28,217.36793518066406,377.48529052734375
2025-03-31,221.58761596679688,374.087158203125
2025-04-01,222.64503479003906,380.863525390625
2025-04-02,223.34332275390625,380.813720703125
2025-04-03,202.69384765625,371.8150329589844
2025-04-04,187.92002868652344,358.5910949707031
2025-04-07,181.0169219970703,356.61798095703125
2025-04-08,171.9989776611328,353.3294372558594
2025-04-09,198.3644561767578,389.1347351074219
2025-04-10,189.9550323486328,380.0264587402344
2025-04-11,197.66615295410156,387.101806640625
2025-04-14,202.02549743652344,386.4640197753906
2025-04-15,201.6464080810547,384.3912658691406
2025-04-16,193.79563903808594,370.32025146484375
2025-04-17,196.4990234375,366.5035400390625
2025-04-21,192.6883544921875,357.87359619140625
2025-04-22,199.25228881835938,365.5469055175781
2025-04-23,204.1004180908203,373.09063720703125
2025-04-24,207.8612060546875,385.9557800292969
2025-04-25,208.76898193359375,390.4900207519531
2025-04-28,209.62689208984375,389.80242919921875
2025-04-29,210.6942901611328,392.67242431640625
2025-04-30,211.9811248779297,393.88818359375
2025-05-01,212.79913330078125,423.9235534667969
2025-05-02,204.8485870361328,433.769287109375
2025-05-05,198.40435791015625,434.65618896484375
2025-05-06,198.02528381347656,431.8061218261719
2025-05-07,195.7707977294922,431.8459777832031
2025-05-08,197.00778198242188,436.6492614746094
2025-05-09,198.0452423095703,437.2073059082031
2025-05-12,210.55104064941406,447.7007751464844
2025-05-13,212.68861389160156,447.5812072753906
2025-05-14,212.08929443359375,451.36798095703125
2025-05-15,211.21029663085938,452.3863220214844
2025-05-16,211.0205078125,453.5244445800781
2025-05-19,208.54331970214844,458.11688232421875
2025-05-20,206.62550354003906,457.4180603027344
2025-05-21,201.86090087890625,451.8272399902344
2025-05-22,201.13172912597656,454.11346435546875
2025-05-23,195.04864501953125,449.441162109375
2025-05-27,199.98304748535156,459.93389892578125
2025-05-28,200.1927947998047,456.609375
2025-05-29,199.72332763671875,457.9272155761719
2025-05-30,200.622314453125,459.60443115234375
2025-06-02,201.47134399414062,461.2118225097656
2025-06-03,203.03956604003906,462.2101745605469
2025-06-04,202.590087890625,463.1086730957031
2025-06-05,200.40257263183594,466.91241455078125
2025-06-06,203.68882751464844,469.6080017089844
2025-06-09,201.2216339111328,471.97412109375
2025-06-10,202.44024658203125,470.1471252441406
2025-06-11,198.55465698242188,471.8443298339844
2025-06-12,198.97418212890625,478.0840759277344
2025-06-13,196.227294921875,474.18048095703125
2025-06-16,198.195068359375,478.3536376953125
2025-06-17,195.418212890625,477.25543212890625
2025-06-18,196.35714721679688,479.4518127441406
2025-06-20,200.7721405029297,476.6164855957031
2025-06-23,201.27157592773438,485.2023620605469
2025-06-24,200.07293701171875,489.30560302734375
2025-06-25,201.33151245117188,491.4620666503906
2025-06-26,200.7721405029297,496.6335754394531
2025-06-27,200.85205078125,495.1260681152344
2025-06-30,204.93740844726562,496.5936584472656
2025-07-01,207.58441162109375,491.242431640625
2025-07-02,212.1991729736328,490.2840270996094
2025-07-03,213.30792236328125,498.02130126953125
2025-07-07,209.7119903564453,496.90313720703125
2025-07-08,209.7719268798828,495.804931640625
2025-07-09,210.90065002441406,502.68365478515625
2025-07-10,212.16920471191406,500.656982421875
2025-07-11,210.92062377929688,502.49395751953125
2025-07-14,208.3834991455078,502.1944274902344
2025-07-15,208.87295532226562,504.9898376464844
2025-07-16,209.92176818847656,504.7901611328125
2025-07-17,209.78192138671875,510.8601989746094
2025-07-18,210.9405975341797,509.212890625
2025-07-21,212.23912048339844,509.2228698730469
2025-07-22,214.15695190429688,504.44073486328125
2025-07-23,213.9072265625,505.0397644042969
2025-07-24,213.51766967773438,510.0415344238281
2025-07-25,213.63754272460938,512.866943359375
2025-07-28,213.80735778808594,511.65887451171875
2025-07-29,211.03050231933594,511.728759765625
2025-07-30,208.81301879882812,512.3976440429688
2025-07-31,207.33470153808594,532.6243896484375
2025-08-01,202.1505889892578,523.2498168945312
2025-08-04,203.11949157714844,534.7609252929688
2025-08-05,202.68995666503906,526.8838500976562
2025-08-06,213.0082550048828,524.0784912109375
2025-08-07,219.7805633544922,519.9852294921875
2025-08-08,229.0900115966797,521.1832275390625
2025-08-11,227.17999267578125,520.9136962890625
2025-08-12,229.64999389648438,528.3713989257812
2025-08-13,233.3300018310547,519.7256469726562
2025-08-14,232.77999877929688,521.6224975585938
2025-08-15,231.58999633789062,519.3162841796875
2025-08-18,230.88999938964844,516.2512817382812
2025-08-19,230.55999755859375,508.933349609375
2025-08-20,226.00999450683594,504.8900146484375
2025-08-21,224.89999389648438,504.239990234375
2025-08-22,227.75999450683594,507.2300109863281
2025-08-25,227.16000366210938,504.260009765625
2025-08-26,229.30999755859375,502.0400085449219
2025-08-27,230.49000549316406,506.739990234375
2025-08-28,232.55999755859375,509.6400146484375
2025-08-29,232.13999938964844,506.69000244140625
2025-09-02,229.72000122070312,505.1199951171875
2025-09-03,238.47000122070312,505.3500061035156
2025-09-04,239.77999877929688,507.9700012207031
2025-09-05,239.69000244140625,495.0
2025-09-08,237.8800048828125,498.20001220703125
2025-09-09,234.35000610351562,498.4100036621094
2025-09-10,226.7899932861328,500.3699951171875
2025-09-11,230.02999877929688,501.010009765625
2025-09-12,234.07000732421875,509.8999938964844
2025-09-15,236.6999969482422,515.3599853515625
2025-09-16,238.14999389648438,509.0400085449219
2025-09-17,238.99000549316406,510.0199890136719
2025-09-18,237.8800048828125,508.45001220703125
2025-09-19,245.5,517.9299926757812
2025-09-22,256.0799865722656,514.4500122070312
2025-09-23,254.42999267578125,509.2300109863281
2025-09-24,252.30999755859375,510.1499938964844
2025-09-25,256.8699951171875,507.0299987792969
2025-09-26,255.4600067138672,511.4599914550781
2025-09-29,254.42999267578125,514.5999755859375
2025-09-30,254.6300048828125,517.9500122070312
2025-10-01,255.4499969482422,519.7100219726562
2025-10-02,257.1300048828125,515.739990234375
2025-10-03,258.0199890136719,517.3499755859375
2025-10-06,256.69000244140625,528.5700073242188
2025-10-07,256.4800109863281,523.97998046875
2025-10-08,258.05999755859375,524.8499755859375
2025-10-09,254.0399932861328,522.4000244140625
2025-10-10,245.27000427246094,510.9599914550781
2025-10-13,247.66000366210938,514.0499877929688
2025-10-14,247.77000427246094,513.5700073242188
2025-10-15,249.33999633789062,513.4299926757812
2025-10-16,247.4499969482422,511.6099853515625
2025-10-17,252.2899932861328,513.5800170898438
2025-10-20,262.239990234375,516.7899780273438
2025-10-21,262.7699890136719,517.6599731445312
2025-10-22,258.45001220703125,520.5399780273438
2025-10-23,259.5799865722656,520.5599975585938
2025-10-24,262.82000732421875,523.6099853515625
2025-10-27,268.80999755859375,531.52001953125
