Date,AAPL,AMZN,GOOGL,MSFT,SPY
2024-10-28,232.3187713623047,188.38999938964844,165.98800659179688,423.4112243652344,573.8533935546875
2024-10-29,232.5875244140625,190.8300018310547,168.93499755859375,428.7313232421875,574.7820434570312
2024-10-30,229.03407287597656,192.72999572753906,173.69400024414062,429.3069763183594,573.043212890625
2024-10-31,224.8634796142578,186.39999389648438,170.35870361328125,403.3220520019531,561.809814453125
2024-11-01,221.8773956298828,197.92999267578125,170.5379180908203,407.3121032714844,564.180908203125
2024-11-04,220.98153686523438,195.77999877929688,168.49693298339844,405.41632080078125,562.9656982421875
2024-11-05,222.4148712158203,199.5,168.99473571777344,408.3939514160156,569.7730102539062
2024-11-06,221.68826293945312,207.08999633789062,175.73500061035156,417.0489807128906,583.940673828125
2024-11-07,226.42620849609375,210.0500030517578,179.9563751220703,422.2598571777344,588.455810546875
2024-11-08,226.15716552734375,208.17999267578125,177.56692504882812,419.39141845703125,591.0048217773438
2024-11-11,223.43682861328125,206.83999633789062,179.55813598632812,414.8951721191406,591.5679321289062
2024-11-12,223.43682861328125,208.91000366210938,180.82257080078125,419.87774658203125,589.7303466796875
2024-11-13,224.32366943359375,214.10000610351562,178.09458923339844,422.0315856933594,590.016845703125
2024-11-14,227.41270446777344,211.47999572753906,174.80909729003906,423.7090148925781,586.2230224609375
2024-11-15,224.20408630371094,202.61000061035156,171.732666015625,411.9076232910156,578.7142944335938
2024-11-18,227.21340942382812,201.6999969482422,174.5303192138672,412.66192626953125,581.0855102539062
2024-11-19,227.4724884033203,204.61000061035156,177.33792114257812,414.6767883300781,583.2096557617188
2024-11-20,228.18994140625,202.8800048828125,175.20733642578125,412.3939514160156,583.4072265625
2024-11-21,227.71163940429688,198.3800048828125,166.8939971923828,410.6137390136719,586.5391235351562
2024-11-22,229.05686950683594,197.1199951171875,164.03659057617188,414.7211608886719,588.3569946289062
2024-11-25,232.04624938964844,201.4499969482422,166.9138946533203,416.5013732910156,590.3528442382812
2024-11-26,234.22850036621094,207.86000061035156,168.37745666503906,425.6510925292969,593.4353637695312
2024-11-27,234.09896850585938,205.74000549316406,168.48696899414062,420.67840576171875,591.6371459960938
2024-11-29,236.490478515625,207.88999938964844,168.20819091796875,421.1458435058594,595.3125
2024-12-02,238.7424774169922,210.7100067138672,170.73704528808594,428.6247863769531,596.3795166015625
2024-12-03,241.79165649414062,213.44000244140625,170.58770751953125,428.84356689453125,596.6561279296875
2024-12-04,242.15037536621094,218.16000366210938,173.60438537597656,435.0295715332031,600.361083984375
2024-12-05,242.18028259277344,220.5500030517578,171.88198852539062,440.2011413574219,599.3731079101562
2024-12-06,241.98098754882812,227.02999877929688,173.94293212890625,441.1459655761719,600.5093383789062
2024-12-09,245.8771514892578,226.08999633789062,174.80010986328125,443.58251953125,597.4168701171875
2024-12-10,246.8935546875,225.0399932861328,184.5682830810547,440.9072570800781,595.5594482421875
2024-12-11,245.61807250976562,230.25999450683594,194.76502990722656,446.5363464355469,600.16357421875
2024-12-12,247.08290100097656,228.97000122070312,191.33621215820312,447.10321044921875,597.071044921875
2024-12-13,247.2522735595703,227.4600067138672,189.2031707763672,444.8257141113281,596.9525756835938
2024-12-16,250.1519775390625,232.92999267578125,196.02093505859375,449.1221008300781,599.5015258789062
2024-12-17,252.58334350585938,231.14999389648438,194.7849578857422,451.9764099121094,597.031494140625
2024-12-18,247.1725616455078,220.52000427246094,187.7877655029297,434.999755859375,579.2379150390625
2024-12-19,248.90640258789062,223.2899932861328,187.89739990234375,434.6416931152344,579.06005859375
2024-12-20,253.58978271484375,224.9199981689453,190.78799438476562,434.21405029296875,586.01513671875
2024-12-23,254.36703491210938,225.05999755859375,193.99754333496094,432.8714294433594,589.5244140625
2024-12-24,257.2866516113281,229.0500030517578,195.47271728515625,436.9291076660156,596.0769653320312
2024-12-26,258.1037292480469,227.0500030517578,194.96438598632812,435.7157897949219,596.11669921875
2024-12-27,254.68588256835938,223.75,192.13360595703125,428.1772155761719,589.8416137695312
2024-12-30,251.30787658691406,221.3000030517578,190.61854553222656,422.50836181640625,583.110595703125
2024-12-31,249.5341796875,219.38999938964844,188.6848602294922,419.196533203125,580.9891357421875
2025-01-02,242.9874267578125,220.22000122070312,188.81442260742188,416.2925109863281,579.5617065429688
2025-01-03,242.4991455078125,224.19000244140625,191.16676330566406,421.0364685058594,586.8082275390625
2025-01-06,244.1333465576172,227.61000061035156,196.23025512695312,425.5118713378906,590.1885375976562
2025-01-07,241.3532257080078,222.11000061035156,194.85475158691406,420.0617980957031,583.5169677734375
2025-01-08,241.8414764404297,222.1300048828125,193.3197479248047,422.2398376464844,584.3695068359375
2025-01-10,236.01217651367188,218.94000244140625,191.4159393310547,416.6604919433594,575.4476928710938
2025-01-13,233.5708465576172,218.4600067138672,190.3892822265625,414.9101257324219,576.3399047851562
2025-01-14,232.45480346679688,217.75999450683594,189.04367065429688,413.3984375,577.1329345703125
2025-01-15,237.028564453125,223.35000610351562,194.91453552246094,423.98028564453125,587.6309814453125
2025-01-16,227.45257568359375,220.66000366210938,192.28311157226562,422.25970458984375,586.5008544921875
2025-01-17,229.16647338867188,225.94000244140625,195.36306762695312,426.6854248046875,592.3892822265625
2025-01-21,221.85244750976562,230.7100067138672,197.4064178466797,426.1583251953125,597.811767578125
2025-01-22,223.03822326660156,235.00999450683594,197.72537231445312,443.7616271972656,601.17236328125
2025-01-23,222.8688507080078,235.4199981689453,197.33663940429688,444.2687683105469,604.45361328125
2025-01-24,221.991943359375,234.85000610351562,199.5594024658203,441.63330078125,602.68896484375
2025-01-27,229.04690551757812,235.4199981689453,191.1866912841797,432.1851806640625,594.1636962890625
2025-01-28,237.41717529296875,238.14999389648438,194.6653594970703,444.7561340332031,599.26904296875
2025-01-29,238.5133056640625,237.07000732421875,194.77499389648438,439.9126892089844,596.58251953125
2025-01-30,236.7495574951172,234.63999938964844,200.2172393798828,412.7221374511719,599.784423828125
2025-01-31,235.16519165039062,237.67999267578125,203.35702514648438,412.7917785644531,596.5924682617188
2025-02-03,227.2034454345703,237.4199981689453,200.57606506347656,408.67437744140625,592.57763671875
2025-02-04,231.9765167236328,242.05999755859375,205.7093505859375,410.116455078125,596.5528564453125
2025-02-05,231.64767456054688,236.1699981689453,190.70826721191406,411.0314636230469,598.9715576171875
2025-02-06,232.39501953125,238.8300018310547,190.97738647460938,413.547607421875,601.0534057617188
2025-02-07,226.82479858398438,229.14999389648438,184.7377166748047,407.5107727050781,595.5515747070312
2025-02-10,227.0941162109375,233.13999938964844,185.8640594482422,409.96728515625,599.5961303710938
2025-02-11,232.05198669433594,232.75999450683594,184.71780395507812,409.1915283203125,600.0521240234375
2025-02-12,236.29161071777344,228.92999267578125,183.0133514404297,406.8046569824219,598.1190795898438
2025-02-13,240.9402313232422,230.3699951171875,185.53512573242188,408.2964782714844,604.4337768554688
2025-02-14,244.00274658203125,228.67999267578125,184.62806701660156,406.1979675292969,604.4039916992188
2025-02-18,243.87306213378906,226.64999389648438,183.1728057861328,407.4013977050781,606.1784057617188
2025-02-19,244.27207946777344,226.6300048828125,184.66795349121094,412.50335693359375,607.60595703125
2025-02-20,245.22975158691406,222.8800048828125,183.9602508544922,414.6857604980469,605.078125
2025-02-21,244.95042419433594,216.5800018310547,179.076171875,406.793212890625,594.728759765625
2025-02-24,246.49664306640625,212.7100067138672,178.66749572753906,402.59783935546875,592.0225219726562
2025-02-25,246.43678283691406,212.8000030517578,174.84994506835938,396.5190124511719,589.0783081054688
2025-02-26,239.77310180664062,214.35000610351562,172.16868591308594,398.3426818847656,589.3756713867188
2025-02-27,236.72056579589844,208.74000549316406,167.9524383544922,391.1676330566406,579.9680786132812
2025-02-28,241.24948120117188,212.27999877929688,169.7266387939453,395.6121520996094,589.018798828125
2025-03-03,237.4487762451172,205.02000427246094,166.46728515625,387.14166259765625,578.69921875
2025-03-04,235.35391235351562,203.8000030517578,170.3645782470703,387.26123046875,571.8491821289062
2025-03-05,235.1643829345703,208.36000061035156,172.45774841308594,399.628173828125,577.995361328125
2025-03-06,234.75538635253906,200.6999969482422,171.78993225097656,395.5125427246094,567.7352905273438
2025-03-07,238.4862518310547,199.25,173.29502868652344,391.9449462890625,570.9173583984375
2025-03-10,226.92454528808594,194.5399932861328,165.52139282226562,378.840576171875,555.710693359375
2025-03-11,220.30075073242188,196.58999633789062,163.6952362060547,379.1296081542969,551.091064453125
2025-03-12,216.45018005371094,198.88999938964844,166.7587890625,381.9397888183594,554.0155029296875
2025-03-13,209.16799926757812,193.88999938964844,162.41793823242188,377.45538330078125,546.6302490234375
2025-03-14,212.9687042236328,197.9499969482422,165.14219665527344,387.21142578125,557.9213256835938
2025-03-17,213.4774627685547,195.74000549316406,163.9447021484375,387.3509521484375,562.2235717773438
2025-03-18,212.17066955566406,192.82000732421875,160.3323211669922,382.1889343261719,556.1468505859375
2025-03-19,214.7144317626953,195.5399932861328,163.54556274414062,386.4739990234375,562.2037353515625
2025-03-20,213.5772247314453,194.9499969482422,162.45785522460938,385.4974060058594,560.5780029296875
2025-03-21,217.73704528808594,196.2100067138672,163.64535522460938,389.9020690917969,560.762939453125
2025-03-24,220.19102478027344,203.25999450683594,167.3275909423828,391.7157287597656,570.8053588867188
2025-03-25,223.2036590576172,205.7100067138672,170.2015380859375,393.7885437011719,572.177490234375
2025-03-26,220.98907470703125,201.1300048828125,164.7130889892578,388.6165466308594,565.3466796875
2025-03-27,223.3034210205078,201.36000061035156,161.89903259277344,389.2243957519531,563.8452758789062
2025-03-28,217.36793518066406,192.72000122070312,154.0056610107422,377.48529052734375,552.4904174804688
2025-03-31,221.58761596679688,190.25999450683594,154.31500244140625,374.087158203125,556.1991577148438
2025-04-01,222.64503479003906,192.1699981689453,156.73989868164062,380.863525390625,557.7700805664062
2025-04-02,223.34332275390625,196.00999450683594,156.70994567871094,380.813720703125,561.2998657226562
2025-04-03,202.69384765625,178.41000366210938,150.4032440185547,371.8150329589844,533.6386108398438
2025-04-04,187.92002868652344,171.0,145.29400634765625,358.5910949707031,502.3977966308594
2025-04-07,181.0169219970703,175.25999450683594,146.4415740966797,356.61798095703125,501.5029296875
2025-04-08,171.9989776611328,170.66000366210938,144.39588928222656,353.3294372558594,493.64801025390625
2025-04-09,198.3644561767578,191.10000610351562,158.37644958496094,389.1347351074219,545.4906005859375
2025-04-10,189.9550323486328,181.22000122070312,152.4988250732422,380.0264587402344,521.5877685546875
2025-04-11,197.66615295410156,184.8699951171875,156.80975341796875,387.101806640625,530.8943481445312
2025-04-14,202.02549743652344,182.1199951171875,158.73570251464844,386.4640197753906,536.0447387695312
2025-04-15,201.6464080810547,179.58999633789062,155.9814910888672,384.3912658691406,534.5433349609375
2025-04-16,193.79563903808594,174.3300018310547,153.00775146484375,370.32025146484375,522.6615600585938
2025-04-17,196.4990234375,172.61000061035156,150.84231567382812,366.5035400390625,523.4072265625
2025-04-21,192.6883544921875,167.32000732421875,147.35964965820312,357.87359619140625,510.94873046875
2025-04-22,199.25228881835938,173.17999267578125,151.1516571044922,365.5469055175781,524.2424926757812
2025-04-23,204.1004180908203,180.60000610351562,155.0235137939453,373.09063720703125,532.3658447265625
2025-04-24,207.8612060546875,186.5399932861328,158.9452362060547,385.9557800292969,543.5715942382812
2025-04-25,208.76898193359375,188.99000549316406,161.61962890625,390.4900207519531,547.4990234375
2025-04-28,209.62689208984375,187.6999969482422,160.2724609375,389.80242919921875,547.7078247070312
2025-04-29,210.6942901611328,187.38999938964844,159.8234100341797,392.67242431640625,551.1580200195312
2025-04-30,211.9811248779297,184.4199981689453,158.4662628173828,393.88818359375,551.3768310546875
2025-05-01,212.79913330078125,190.1999969482422,160.96099853515625,423.9235534667969,555.2843627929688
2025-05-02,204.8485870361328,189.97999572753906,163.68527221679688,433.769287109375,563.527099609375
2025-05-05,198.40435791015625,186.35000610351562,163.86489868164062,434.65618896484375,560.295654296875
2025-05-06,198.02528381347656,185.00999450683594,162.88693237304688,431.8061218261719,555.6124877929688
2025-05-07,195.7707977294922,188.7100067138672,151.06185913085938,431.8459777832031,557.9490966796875
2025-05-08,197.00778198242188,192.0800018310547,153.9557647705078,436.6492614746094,561.8367919921875
2025-05-09,198.0452423095703,193.05999755859375,152.42897033691406,437.2073059082031,561.1209716796875
2025-05-12,210.55104064941406,208.63999938964844,158.12696838378906,447.7007751464844,579.66455078125
2025-05-13,212.68861389160156,211.3699951171875,159.19471740722656,447.5812072753906,583.4925537109375
2025-05-14,212.08929443359375,210.25,165.02244567871094,451.36798095703125,584.23828125
2025-05-15,211.21029663085938,205.1699981689453,163.61541748046875,452.3863220214844,587.0919189453125
2025-05-16,211.0205078125,205.58999633789062,165.84072875976562,453.5244445800781,590.8106079101562
2025-05-19,208.54331970214844,206.16000366210938,166.1899871826172,458.11688232421875,591.4568481445312
2025-05-20,206.62550354003906,204.07000732421875,163.6353759765625,457.4180603027344,589.46826171875
2025-05-21,201.86090087890625,201.1199951171875,168.20574951171875,451.8272399902344,579.5352783203125
2025-05-22,201.13172912597656,203.10000610351562,170.51089477539062,454.11346435546875,579.7639770507812
2025-05-23,195.04864501953125,200.99000549316406,168.11593627929688,449.441162109375,575.806640625
2025-05-27,199.98304748535156,206.02000427246094,172.53662109375,459.93389892578125,587.7780151367188
2025-05-28,200.1927947998047,204.72000122070312,171.9977569580078,456.609375,584.37744140625
2025-05-29,199.72332763671875,205.6999969482422,171.49880981445312,457.9272155761719,586.6842651367188
2025-05-30,200.622314453125,205.00999450683594,171.3790740966797,459.60443115234375,586.0280151367188
2025-06-02,201.47134399414062,206.64999389648438,168.6747589111328,461.2118225097656,589.3291015625
2025-06-03,203.03956604003906,205.7100067138672,165.83074951171875,462.2101745605469,592.6898193359375
2025-06-04,202.590087890625,207.22999572753906,167.69680786132812,463.1086730957031,592.5307006835938
2025-06-05,200.40257263183594,207.91000366210938,167.8564910888672,466.91241455078125,589.6671142578125
2025-06-06,203.68882751464844,213.57000732421875,173.31497192382812,469.6080017089844,595.722412109375
2025-06-09,201.2216339111328,216.97999572753906,175.93264770507812,471.97412109375,596.2593383789062
2025-06-10,202.44024658203125,217.61000061035156,178.44041442871094,470.1471252441406,599.6399536132812
2025-06-11,198.55465698242188,213.1999969482422,177.1915283203125,471.8443298339844,597.9297485351562
2025-06-12,198.97418212890625,213.24000549316406,175.54299926757812,478.0840759277344,600.3060913085938
2025-06-13,196.227294921875,212.10000610351562,174.513916015625,474.18048095703125,593.5946044921875
2025-06-16,198.195068359375,216.10000610351562,176.61204528808594,478.3536376953125,599.2421875
2025-06-17,195.418212890625,214.82000732421875,175.7927703857422,477.25543212890625,594.12158203125
2025-06-18,196.35714721679688,212.52000427246094,173.16513061523438,479.4518127441406,594.0321044921875
2025-06-20,200.7721405029297,209.69000244140625,166.4910888671875,476.6164855957031,592.636962890625
2025-06-23,201.27157592773438,208.47000122070312,165.04238891601562,485.2023620605469,598.49072265625
2025-06-24,200.07293701171875,212.77000427246094,166.62098693847656,489.30560302734375,605.1024169921875
2025-06-25,201.33151245117188,211.99000549316406,170.52748107910156,491.4620666503906,605.4414672851562
2025-06-26,200.7721405029297,217.1199951171875,173.38491821289062,496.6335754394531,610.1783447265625
2025-06-27,200.85205078125,223.3000030517578,178.37046813964844,495.1260681152344,613.2098999023438
2025-06-30,204.93740844726562,219.38999938964844,176.07252502441406,496.5936584472656,616.1417846679688
2025-07-01,207.58441162109375,220.4600067138672,175.682861328125,491.242431640625,615.9423828125
2025-07-02,212.1991729736328,219.9199981689453,178.48036193847656,490.2840270996094,618.734619140625
2025-07-03,213.30792236328125,223.41000366210938,179.36956787109375,498.02130126953125,623.611083984375
2025-07-07,209.7119903564453,223.47000122070312,176.63201904296875,496.90313720703125,618.9639892578125
2025-07-08,209.7719268798828,219.36000061035156,174.20419311523438,495.804931640625,618.6249389648438
2025-07-09,210.90065002441406,222.5399932861328,176.46217346191406,502.68365478515625,622.3345947265625
2025-07-10,212.16920471191406,222.25999450683594,177.46127319335938,500.656982421875,624.0897827148438
2025-07-11,210.92062377929688,225.02000427246094,180.02899169921875,502.49395751953125,621.8958129882812
2025-07-14,208.3834991455078,225.69000244140625,181.3977508544922,502.1944274902344,623.08251953125
2025-07-15,208.87295532226562,226.35000610351562,181.83737182617188,504.9898376464844,620.419921875
2025-07-16,209.92176818847656,223.19000244140625,182.80650329589844,504.7901611328125,622.494140625
2025-07-17,209.78192138671875,223.8800048828125,183.41595458984375,510.8601989746094,626.3035888671875
2025-07-18,210.9405975341797,226.1300048828125,184.89462280273438,509.212890625,625.8449096679688
2025-07-21,212.23912048339844,229.3000030517578,189.9301300048828,509.2228698730469,627.0316162109375
2025-07-22,214.15695190429688,227.47000122070312,191.1690216064453,504.44073486328125,627.121337890625
2025-07-23,213.9072265625,228.2899932861328,190.0600128173828,505.0397644042969,632.4566040039062
2025-07-24,213.51766967773438,232.22999572753906,191.99827575683594,510.0415344238281,632.6659545898438
2025-07-25,213.63754272460938,231.44000244140625,193.0073699951172,512.866943359375,635.3385620117188
2025-07-28,213.80735778808594,232.7899932861328,192.4079132080078,511.65887451171875,635.1790161132812
2025-07-29,211.03050231933594,231.00999450683594,195.5750732421875,511.728759765625,633.503662109375
2025-07-30,208.81301879882812,230.19000244140625,196.35438537597656,512.3976440429688,632.7058715820312
2025-07-31,207.33470153808594,234.11000061035156,191.728515625,532.6243896484375,630.3324584960938
2025-08-01,202.1505889892578,214.75,188.96099853515625,523.2498168945312,620.0010375976562
2025-08-04,203.11949157714844,211.64999389648438,194.86570739746094,534.7609252929688,629.4249267578125
2025-08-05,202.68995666503906,213.75,194.4960479736328,526.8838500976562,626.2337646484375
2025-08-06,213.0082550048828,222.30999755859375,195.91476440429688,524.0784912109375,631.030517578125
2025-08-07,219.7805633544922,223.1300048828125,196.34439086914062,519.9852294921875,630.501953125
2025-08-08,229.0900115966797,222.69000244140625,201.24000549316406,521.1832275390625,635.4183349609375
2025-08-11,227.17999267578125,221.3000030517578,200.8203887939453,520.9136962890625,634.1618041992188
2025-08-12,229.64999389648438,221.47000122070312,203.15829467773438,528.3713989257812,640.9131469726562
2025-08-13,233.3300018310547,224.55999755859375,201.779541015625,519.7256469726562,643.1070556640625
2025-08-14,232.77999877929688,230.97999572753906,202.75865173339844,521.6224975585938,643.1668701171875
2025-08-15,231.58999633789062,231.02999877929688,203.71778869628906,519.3162841796875,641.6610717773438
2025-08-18,230.88999938964844,231.49000549316406,203.3181610107422,516.2512817382812,641.5214233398438
2025-08-19,230.55999755859375,228.00999450683594,201.389892578125,508.933349609375,638.0410766601562
2025-08-20,226.00999450683594,223.80999755859375,199.1418914794922,504.8900146484375,636.3457641601562
2025-08-21,224.89999389648438,221.9499969482422,199.57150268554688,504.239990234375,633.7928466796875
2025-08-22,227.75999450683594,228.83999633789062,205.9058380126953,507.2300109863281,643.52587890625
2025-08-25,227.16000366210938,227.94000244140625,208.30369567871094,504.260009765625,640.6936645507812
2025-08-26,229.30999755859375,228.7100067138672,206.95489501953125,502.0400085449219,643.3762817382812
2025-08-27,230.49000549316406,229.1199951171875,207.29458618164062,506.739990234375,644.8422241210938
2025-08-28,232.55999755859375,231.60000610351562,211.4508819580078,509.6400146484375,647.1258544921875
2025-08-29,232.13999938964844,229.0,212.71974182128906,506.69000244140625,643.2666015625
2025-09-02,229.72000122070312,225.33999633789062,211.16114807128906,505.1199951171875,638.4998168945312
2025-09-03,238.47000122070312,225.99000549316406,230.45388793945312,505.3500061035156,641.960205078125
2025-09-04,239.77999877929688,235.67999267578125,232.09242248535156,507.9700012207031,647.3253173828125
2025-09-05,239.69000244140625,232.3300018310547,234.79000854492188,495.0,645.4505004882812
2025-09-08,237.8800048828125,235.83999633789062,234.0399932861328,498.20001220703125,647.0361328125
2025-09-09,234.35000610351562,238.24000549316406,239.6300048828125,498.4100036621094,648.531982421875
2025-09-10,226.7899932861328,230.3300018310547,239.1699981689453,500.3699951171875,650.4067993164062
2025-09-11,230.02999877929688,229.9499969482422,240.3699951171875,501.010009765625,655.8118286132812
2025-09-12,234.07000732421875,228.14999389648438,240.8000030517578,509.8999938964844,655.5924072265625
2025-09-15,236.6999969482422,231.42999267578125,251.61000061035156,515.3599853515625,659.0827026367188
2025-09-16,238.14999389648438,234.0500030517578,251.16000366210938,509.0400085449219,658.1752319335938
2025-09-17,238.99000549316406,231.6199951171875,249.52999877929688,510.0199890136719,657.3575439453125
2025-09-18,237.8800048828125,231.22999572753906,252.02999877929688,508.45001220703125,660.4290161132812
2025-09-19,245.5,231.47999572753906,254.72000122070312,517.9299926757812,663.7000122070312
2025-09-22,256.0799865722656,227.6300048828125,252.52999877929688,514.4500122070312,666.8400268554688
2025-09-23,254.42999267578125,220.7100067138672,251.66000366210938,509.2300109863281,663.2100219726562
2025-09-24,252.30999755859375,220.2100067138672,247.13999938964844,510.1499938964844,661.0999755859375
2025-09-25,256.8699951171875,218.14999389648438,245.7899932861328,507.0299987792969,658.0499877929688
2025-09-26,255.4600067138672,219.77999877929688,246.5399932861328,511.4599914550781,661.8200073242188
2025-09-29,254.42999267578125,222.1699981689453,244.0500030517578,514.5999755859375,663.6799926757812
2025-09-30,254.6300048828125,219.57000732421875,243.10000610351562,517.9500122070312,666.1799926757812
2025-10-01,255.4499969482422,220.6300048828125,244.89999389648438,519.7100219726562,668.4500122070312
2025-10-02,257.1300048828125,222.41000366210938,245.69000244140625,515.739990234375,669.219970703125
2025-10-03,258.0199890136719,219.50999450683594,245.35000610351562,517.3499755859375,669.2100219726562
2025-10-06,256.69000244140625,220.89999389648438,250.42999267578125,528.5700073242188,671.6099853515625
2025-10-07,256.4800109863281,221.77999877929688,245.75999450683594,523.97998046875,669.1199951171875
2025-10-08,258.05999755859375,225.22000122070312,244.6199951171875,524.8499755859375,673.1099853515625
2025-10-09,254.0399932861328,227.74000549316406,241.52999877929688,522.4000244140625,671.1599731445312
2025-10-10,245.27000427246094,216.3699951171875,236.57000732421875,510.9599914550781,653.02001953125
2025-10-13,247.66000366210938,220.07000732421875,244.14999389648438,514.0499877929688,663.0399780273438
2025-10-14,247.77000427246094,216.38999938964844,245.4499969482422,513.5700073242188,662.22998046875
2025-10-15,249.33999633789062,215.57000732421875,251.02999877929688,513.4299926757812,665.1699829101562
2025-10-16,247.4499969482422,214.47000122070312,251.4600067138672,511.6099853515625,660.6400146484375
2025-10-17,252.2899932861328,213.0399932861328,253.3000030517578,513.5800170898438,664.3900146484375
2025-10-20,262.239990234375,216.47999572753906,256.54998779296875,516.7899780273438,671.2999877929688
2025-10-21,262.7699890136719,222.02999877929688,250.4600067138672,517.6599731445312,671.2899780273438
2025-10-22,258.45001220703125,217.9499969482422,251.69000244140625,520.5399780273438,667.7999877929688
2025-10-23,259.5799865722656,221.08999633789062,253.0800018310547,520.5599975585938,671.760009765625
2025-10-24,262.82000732421875,224.2100067138672,259.9200134277344,523.6099853515625,677.25
2025-10-27,268.80999755859375,226.97000122070312,269.2699890136719,531.52001953125,685.239990234375
